Date,Close/Last,Volume,Open,High,Low
11/14/2024,0.356423,N/A,0.392582,0.37609,0.35403
11/13/2024,0.392876,N/A,0.368076,0.400225,0.38046
11/12/2024,0.355835,N/A,0.392205,0.414696,0.355127
11/11/2024,0.394421,N/A,0.296211,0.398685,0.330961
11/10/2024,0.295557,N/A,0.232095,0.302435,0.2765
11/09/2024,0.214135,N/A,0.204283,0.215836,0.197541
11/08/2024,0.199873,N/A,0.194987,0.20439,0.197541
11/07/2024,0.195148,N/A,0.19367,0.199021,0.190998
11/06/2024,0.192967,N/A,0.206563,0.203925,0.192157
11/05/2024,0.206779,N/A,0.162175,0.216089,0.169212
11/04/2024,0.162088,N/A,0.151704,0.166173,0.158104
11/03/2024,0.151526,N/A,0.151967,0.154495,0.148306
11/02/2024,0.150924,N/A,0.161271,0.159745,0.148213
11/01/2024,0.161367,N/A,0.161131,0.163558,0.15912
10/31/2024,0.158309,N/A,0.171145,0.163936,0.157128
10/30/2024,0.170395,N/A,0.174197,0.172366,0.167444
10/29/2024,0.174967,N/A,0.165526,0.177731,0.172301
10/28/2024,0.166938,N/A,0.145587,0.168904,0.160626
10/27/2024,0.142955,N/A,0.138205,0.146092,0.141148
10/26/2024,0.138265,N/A,0.132165,0.138559,0.136066
10/25/2024,0.133865,N/A,0.139798,0.134123,0.130801
10/24/2024,0.140087,N/A,0.139434,0.142633,0.138919
10/23/2024,0.139487,N/A,0.138104,0.142953,0.139138
10/22/2024,0.13926,N/A,0.146155,0.139858,0.137586
10/21/2024,0.14445,N/A,0.145608,0.148411,0.140736
10/20/2024,0.14555,N/A,0.141384,0.146665,0.141481
10/19/2024,0.141218,N/A,0.144167,0.145449,0.1407
10/18/2024,0.145389,N/A,0.132638,0.146632,0.13709
10/17/2024,0.132661,N/A,0.125136,0.13629,0.129609
10/16/2024,0.125538,N/A,0.11646,0.12655,0.123762
10/15/2024,0.11667,N/A,0.11633,0.117695,0.115812
10/14/2024,0.116619,N/A,0.112811,0.11917,0.116357
10/13/2024,0.112469,N/A,0.110913,0.112774,0.109352
10/12/2024,0.110994,N/A,0.109677,0.112089,0.110518
10/11/2024,0.109716,N/A,0.107534,0.11153,0.109419
10/10/2024,0.107594,N/A,0.107898,0.108201,0.10567
10/09/2024,0.107931,N/A,0.108777,0.108259,0.10706
10/08/2024,0.108918,N/A,0.109302,0.109311,0.106981
10/07/2024,0.109378,N/A,0.113929,0.109832,0.108108
10/06/2024,0.113903,N/A,0.108603,0.115369,0.110904
10/05/2024,0.108864,N/A,0.108979,0.110006,0.108802
10/04/2024,0.108979,N/A,0.106632,0.110165,0.108951
10/03/2024,0.10639,N/A,0.106104,0.106853,0.104848
10/02/2024,0.106096,N/A,0.108362,0.106787,0.104151
10/01/2024,0.108444,N/A,0.117702,0.108814,0.106433
09/30/2024,0.117642,N/A,0.12162,0.117688,0.113533
09/29/2024,0.122396,N/A,0.129872,0.124591,0.120819
09/28/2024,0.128167,N/A,0.124726,0.12934,0.127272
09/27/2024,0.126095,N/A,0.117322,0.126704,0.12346
09/26/2024,0.118598,N/A,0.108711,0.119365,0.117043
09/25/2024,0.108964,N/A,0.110485,0.109033,0.107049
09/24/2024,0.110414,N/A,0.108275,0.111077,0.109501
09/23/2024,0.108237,N/A,0.108169,0.108496,0.106864
09/22/2024,0.108562,N/A,0.108065,0.109153,0.104232
09/21/2024,0.108247,N/A,0.104865,0.109921,0.107866
09/20/2024,0.105064,N/A,0.106023,0.105561,0.104056
09/19/2024,0.105493,N/A,0.104072,0.105497,0.103654
09/18/2024,0.104217,N/A,0.10116,0.10552,0.103471
09/17/2024,0.101386,N/A,0.099817,0.101517,0.099905
09/16/2024,0.099874,N/A,0.101494,0.099959,0.098722
09/15/2024,0.10137,N/A,0.105683,0.103175,0.100122
09/14/2024,0.105774,N/A,0.10714,0.106334,0.105373
09/13/2024,0.106993,N/A,0.101897,0.107614,0.106822
09/12/2024,0.101944,N/A,0.102312,0.102835,0.101804
09/11/2024,0.102333,N/A,0.101042,0.102764,0.101306
09/10/2024,0.101013,N/A,0.102503,0.103043,0.100806
09/09/2024,0.102588,N/A,0.096957,0.103807,0.10211
09/08/2024,0.096839,N/A,0.096184,0.097533,0.095731
09/07/2024,0.095025,N/A,0.089559,0.095668,0.091761
09/06/2024,0.092052,N/A,0.098799,0.092786,0.091761
09/05/2024,0.098812,N/A,0.096267,0.099426,0.098054
09/04/2024,0.096286,N/A,0.0959,0.098511,0.096074
09/03/2024,0.09589,N/A,0.099566,0.097481,0.092184
09/02/2024,0.099621,N/A,0.095205,0.100706,0.0988
09/01/2024,0.095113,N/A,0.100275,0.096039,0.094738
08/31/2024,0.100406,N/A,0.101236,0.101473,0.099818
08/30/2024,0.101339,N/A,0.100167,0.102359,0.100868
08/29/2024,0.100176,N/A,0.1005,0.100775,0.099671
08/28/2024,0.099087,N/A,0.105844,0.099685,0.097763
08/27/2024,0.098744,N/A,0.105691,0.099027,0.097763
08/26/2024,0.105706,N/A,0.10937,0.106343,0.10519
08/25/2024,0.109334,N/A,0.110886,0.110297,0.108114
08/24/2024,0.114489,N/A,0.11278,0.114951,0.111288
08/23/2024,0.112646,N/A,0.106007,0.113362,0.111757
08/22/2024,0.105951,N/A,0.105315,0.106419,0.105239
08/21/2024,0.105168,N/A,0.103817,0.106394,0.104113
08/20/2024,0.103791,N/A,0.104625,0.104131,0.10248
08/19/2024,0.104651,N/A,0.100475,0.10486,0.101112
08/18/2024,0.100466,N/A,0.102095,0.100649,0.099478
08/17/2024,0.102196,N/A,0.100752,0.103402,0.101869
08/16/2024,0.100548,N/A,0.100485,0.101354,0.100006
08/15/2024,0.100558,N/A,0.102733,0.101465,0.099433
08/14/2024,0.102759,N/A,0.105806,0.102932,0.101839
08/13/2024,0.106128,N/A,0.106485,0.106578,0.105209
08/12/2024,0.10449,N/A,0.102229,0.109013,0.104456
08/11/2024,0.101737,N/A,0.109202,0.102386,0.100219
08/10/2024,0.109997,N/A,0.10404,0.110959,0.105021
08/09/2024,0.104048,N/A,0.105405,0.105305,0.103486
08/08/2024,0.105842,N/A,0.100106,0.107724,0.105339
08/07/2024,0.099215,N/A,0.098446,0.100946,0.093657
08/06/2024,0.098091,N/A,0.098333,0.099503,0.095305
08/05/2024,0.098464,N/A,0.091607,0.101345,0.094154
08/04/2024,0.091821,N/A,0.108779,0.104215,0.090318
08/03/2024,0.106956,N/A,0.112963,0.114659,0.10529
08/02/2024,0.112651,N/A,0.11683,0.112767,0.108366
08/01/2024,0.117746,N/A,0.121552,0.119684,0.115866
07/31/2024,0.121306,N/A,0.125347,0.123089,0.120736
07/30/2024,0.125386,N/A,0.128754,0.126209,0.124711
07/29/2024,0.129352,N/A,0.134331,0.130429,0.127224
07/28/2024,0.133709,N/A,0.12963,0.134743,0.129704
07/27/2024,0.129971,N/A,0.13438,0.131799,0.129576
07/26/2024,0.134414,N/A,0.128684,0.134676,0.132946
07/25/2024,0.128766,N/A,0.122885,0.129569,0.125143
07/24/2024,0.122716,N/A,0.131331,0.128683,0.12197
07/23/2024,0.131344,N/A,0.137815,0.131624,0.129248
07/22/2024,0.138774,N/A,0.131136,0.142431,0.138198
07/21/2024,0.141117,N/A,0.13216,0.141397,0.138198
07/20/2024,0.132296,N/A,0.125402,0.134516,0.132089
07/19/2024,0.125483,N/A,0.120897,0.126228,0.124327
07/18/2024,0.120622,N/A,0.123365,0.12094,0.117534
07/17/2024,0.12351,N/A,0.12551,0.12381,0.121782
07/16/2024,0.125511,N/A,0.126175,0.127543,0.124564
07/15/2024,0.126103,N/A,0.117759,0.12757,0.124124
07/14/2024,0.118029,N/A,0.112658,0.118772,0.114598
07/13/2024,0.11272,N/A,0.107854,0.114448,0.112006
07/12/2024,0.107991,N/A,0.106149,0.108236,0.107296
07/11/2024,0.106241,N/A,0.107395,0.107629,0.104917
07/10/2024,0.107249,N/A,0.107893,0.108946,0.10648
07/09/2024,0.107826,N/A,0.108047,0.10785,0.105807
07/08/2024,0.108219,N/A,0.102357,0.108633,0.105887
07/07/2024,0.102405,N/A,0.111822,0.104589,0.098895
07/06/2024,0.110515,N/A,0.105668,0.113466,0.110492
07/05/2024,0.105858,N/A,0.094464,0.10915,0.104777
07/04/2024,0.094807,N/A,0.115432,0.105047,0.092635
07/03/2024,0.115392,N/A,0.122368,0.119096,0.113196
07/02/2024,0.122301,N/A,0.123848,0.125517,0.121261
07/01/2024,0.123884,N/A,0.126634,0.124078,0.122774
06/30/2024,0.12663,N/A,0.12102,0.127425,0.124139
06/29/2024,0.12109,N/A,0.123984,0.122284,0.120709
06/28/2024,0.124043,N/A,0.126636,0.124332,0.123004
06/27/2024,0.126783,N/A,0.122459,0.128351,0.125668
06/26/2024,0.122477,N/A,0.127313,0.122951,0.121933
06/25/2024,0.127247,N/A,0.123472,0.128604,0.125763
06/24/2024,0.123648,N/A,0.120287,0.124462,0.118836
06/23/2024,0.121761,N/A,0.124494,0.123893,0.119954
06/22/2024,0.12462,N/A,0.124279,0.124697,0.123714
06/21/2024,0.124331,N/A,0.124294,0.124743,0.122932
06/20/2024,0.123921,N/A,0.122376,0.125656,0.123302
06/19/2024,0.125383,N/A,0.1216,0.12662,0.121445
06/18/2024,0.126034,N/A,0.121811,0.12662,0.121445
06/17/2024,0.121644,N/A,0.134889,0.129195,0.114298
06/16/2024,0.13492,N/A,0.135324,0.138141,0.13492
06/15/2024,0.136241,N/A,0.133274,0.137427,0.134231
06/14/2024,0.13559,N/A,0.141558,0.136007,0.134231
06/13/2024,0.141618,N/A,0.142779,0.142843,0.140454
06/12/2024,0.142199,N/A,0.138777,0.146421,0.141649
06/11/2024,0.138569,N/A,0.142201,0.138745,0.134783
06/10/2024,0.142116,N/A,0.145938,0.145109,0.140911
06/09/2024,0.145914,N/A,0.145684,0.146898,0.145795
06/08/2024,0.145794,N/A,0.148638,0.147209,0.145057
06/07/2024,0.14844,N/A,0.160999,0.148626,0.147599
06/06/2024,0.160831,N/A,0.162517,0.160872,0.159617
06/05/2024,0.162559,N/A,0.163032,0.163477,0.162351
06/04/2024,0.16282,N/A,0.159423,0.163798,0.161223
06/03/2024,0.159222,N/A,0.159732,0.159683,0.157765
06/02/2024,0.159993,N/A,0.160232,0.160809,0.155884
06/01/2024,0.160213,N/A,0.159424,0.161308,0.159493
05/31/2024,0.159443,N/A,0.160225,0.159673,0.158429
05/30/2024,0.16035,N/A,0.16519,0.160672,0.158826
05/29/2024,0.165234,N/A,0.169822,0.165363,0.162731
05/28/2024,0.1642,N/A,0.165904,0.169675,0.16314
05/27/2024,0.165033,N/A,0.166381,0.169675,0.164188
05/26/2024,0.166199,N/A,0.174041,0.168772,0.166196
05/25/2024,0.173556,N/A,0.163997,0.174701,0.169598
05/24/2024,0.164101,N/A,0.159575,0.164497,0.162759
05/23/2024,0.159765,N/A,0.167314,0.160326,0.158112
05/22/2024,0.16694,N/A,0.170762,0.1676,0.164316
05/21/2024,0.170633,N/A,0.163443,0.174535,0.170233
05/20/2024,0.163761,N/A,0.15091,0.167273,0.160884
05/19/2024,0.151144,N/A,0.155746,0.151719,0.147886
05/18/2024,0.155754,N/A,0.156241,0.155991,0.152564
05/17/2024,0.155996,N/A,0.150565,0.156847,0.15428
05/16/2024,0.150797,N/A,0.157733,0.151076,0.149397
05/15/2024,0.157907,N/A,0.146455,0.159079,0.153691
05/14/2024,0.146382,N/A,0.150041,0.147014,0.145467
05/13/2024,0.149696,N/A,0.137411,0.150306,0.14725
05/12/2024,0.136978,N/A,0.143488,0.142646,0.135943
05/11/2024,0.143424,N/A,0.143889,0.144437,0.142861
05/10/2024,0.14386,N/A,0.150685,0.146193,0.143752
05/09/2024,0.150294,N/A,0.147914,0.152181,0.149692
05/08/2024,0.147572,N/A,0.151465,0.14784,0.143218
05/07/2024,0.151735,N/A,0.156742,0.151917,0.148927
05/06/2024,0.154774,N/A,0.162142,0.158707,0.153514
05/05/2024,0.161824,N/A,0.157548,0.165696,0.160945
05/04/2024,0.157353,N/A,0.148775,0.162582,0.154678
05/03/2024,0.149263,N/A,0.133862,0.151565,0.145828
05/02/2024,0.128415,N/A,0.124203,0.130634,0.124105
05/01/2024,0.126548,N/A,0.130485,0.130634,0.125147
04/30/2024,0.132239,N/A,0.143633,0.133882,0.128722
04/29/2024,0.143544,N/A,0.143868,0.145949,0.141451
04/28/2024,0.145051,N/A,0.149995,0.148056,0.144059
04/27/2024,0.150016,N/A,0.146565,0.150812,0.147615
04/26/2024,0.146857,N/A,0.150623,0.148993,0.143252
04/25/2024,0.150772,N/A,0.150546,0.151601,0.147637
04/24/2024,0.150844,N/A,0.162589,0.153006,0.149524
04/23/2024,0.162932,N/A,0.158651,0.164282,0.159229
04/22/2024,0.158689,N/A,0.160699,0.162217,0.15848
04/21/2024,0.16179,N/A,0.163395,0.161812,0.156594
04/20/2024,0.162063,N/A,0.154567,0.164596,0.150793
04/19/2024,0.155288,N/A,0.145883,0.157433,0.153043
04/18/2024,0.146115,N/A,0.149468,0.152248,0.139896
04/17/2024,0.149498,N/A,0.156726,0.150483,0.144478
04/16/2024,0.156191,N/A,0.155443,0.157795,0.154502
04/15/2024,0.155273,N/A,0.157537,0.162332,0.154158
04/14/2024,0.157868,N/A,0.148315,0.162657,0.156233
04/13/2024,0.147294,N/A,0.169368,0.154538,0.143959
04/12/2024,0.172121,N/A,0.195915,0.174183,0.165396
04/11/2024,0.197131,N/A,0.197862,0.197554,0.193594
04/10/2024,0.195346,N/A,0.189962,0.195346,0.181074
04/09/2024,0.186796,N/A,0.203108,0.203352,0.186763
04/08/2024,0.19823,N/A,0.196943,0.203352,0.197882
04/07/2024,0.19824,N/A,0.195651,0.199912,0.195733
04/06/2024,0.195484,N/A,0.180188,0.19848,0.185511
04/05/2024,0.181064,N/A,0.176685,0.181567,0.176456
04/04/2024,0.175462,N/A,0.175879,0.180527,0.174256
04/03/2024,0.174533,N/A,0.185846,0.180305,0.173615
04/02/2024,0.18565,N/A,0.188434,0.186661,0.172135
04/01/2024,0.206126,N/A,0.220106,0.220113,0.197712
03/31/2024,0.215621,N/A,0.201595,0.220113,0.214419
03/30/2024,0.201698,N/A,0.211945,0.20489,0.19916
03/29/2024,0.211557,N/A,0.217829,0.21673,0.211379
03/28/2024,0.216993,N/A,0.194685,0.224607,0.211514
03/27/2024,0.194814,N/A,0.184115,0.205367,0.189283
03/26/2024,0.184305,N/A,0.177281,0.186686,0.181061
03/25/2024,0.177395,N/A,0.172431,0.178703,0.174878
03/24/2024,0.172165,N/A,0.168768,0.17717,0.171387
03/23/2024,0.170353,N/A,0.159881,0.171459,0.161485
03/22/2024,0.157968,N/A,0.153021,0.164803,0.151768
03/21/2024,0.157941,N/A,0.15044,0.159141,0.151538
03/20/2024,0.149975,N/A,0.12744,0.153512,0.149843
03/19/2024,0.129504,N/A,0.135505,0.131632,0.125999
03/15/2024,0.167602,N/A,0.184911,0.181241,0.161648
03/14/2024,0.167435,N/A,0.171957,0.181241,0.161648
03/13/2024,0.171034,N/A,0.172134,0.173917,0.165343
03/12/2024,0.172138,N/A,0.17359,0.173373,0.166881
03/11/2024,0.175164,N/A,0.166347,0.183288,0.174791
03/10/2024,0.16614,N/A,0.176068,0.16999,0.160589
03/09/2024,0.178262,N/A,0.164606,0.179509,0.174321
03/08/2024,0.16475,N/A,0.157642,0.175376,0.155167
03/07/2024,0.16398,N/A,0.151954,0.168588,0.155167
08/10/2023,0.076075,N/A,0.07546,0.076096,0.075805
08/09/2023,0.075978,N/A,0.074738,0.076422,0.075267
08/08/2023,0.074758,N/A,0.073806,0.075344,0.074607
08/07/2023,0.073903,N/A,0.075177,0.073934,0.073205
08/06/2023,0.075194,N/A,0.075931,0.075659,0.074087
08/05/2023,0.075824,N/A,0.073928,0.076445,0.075486
08/04/2023,0.073769,N/A,0.074278,0.073876,0.072918
08/03/2023,0.074239,N/A,0.074543,0.074422,0.073462
08/02/2023,0.074433,N/A,0.077531,0.07499,0.074026
08/01/2023,0.077671,N/A,0.076185,0.078277,0.07762
07/31/2023,0.076256,N/A,0.078726,0.078248,0.075771
07/30/2023,0.078705,N/A,0.080211,0.07901,0.077824
07/29/2023,0.077886,N/A,0.077389,0.078429,0.076893
07/28/2023,0.077889,N/A,0.077396,0.078429,0.076893
07/27/2023,0.077105,N/A,0.078118,0.077875,0.076729
07/26/2023,0.078237,N/A,0.080349,0.07846,0.076714
07/25/2023,0.08008,N/A,0.076795,0.082251,0.079276
07/24/2023,0.076551,N/A,0.070835,0.077658,0.073638
07/23/2023,0.070784,N/A,0.070896,0.071994,0.07053
07/22/2023,0.070973,N/A,0.072539,0.071099,0.070053
07/21/2023,0.072675,N/A,0.071738,0.073288,0.072317
07/20/2023,0.071917,N/A,0.070277,0.072284,0.070288
07/19/2023,0.070288,N/A,0.069532,0.070916,0.069833
07/18/2023,0.069618,N/A,0.069817,0.069688,0.068452
07/17/2023,0.069807,N/A,0.070468,0.070309,0.0697
07/16/2023,0.070441,N/A,0.070687,0.070443,0.069085
07/15/2023,0.070882,N/A,0.067955,0.072213,0.06982
07/14/2023,0.068008,N/A,0.070901,0.068725,0.067728
07/13/2023,0.070677,N/A,0.064704,0.072072,0.070303
07/12/2023,0.064688,N/A,0.065217,0.065106,0.064607
07/11/2023,0.065221,N/A,0.065275,0.065424,0.065143
07/10/2023,0.065243,N/A,0.064762,0.065367,0.064572
07/09/2023,0.064863,N/A,0.06623,0.065386,0.063728
07/08/2023,0.066192,N/A,0.065097,0.066264,0.065628
07/07/2023,0.065134,N/A,0.06549,0.065617,0.065115
07/06/2023,0.065508,N/A,0.06719,0.065699,0.064212
07/05/2023,0.067163,N/A,0.069127,0.067233,0.066457
07/04/2023,0.06912,N/A,0.068917,0.06913,0.068478
07/03/2023,0.068762,N/A,0.068257,0.069552,0.067906
07/02/2023,0.068323,N/A,0.067164,0.068449,0.067508
07/01/2023,0.067021,N/A,0.069023,0.06857,0.066666
06/30/2023,0.069548,N/A,0.064495,0.071131,0.066403
06/29/2023,0.065241,N/A,0.062582,0.06554,0.062913
06/28/2023,0.062599,N/A,0.065084,0.063054,0.062441
06/27/2023,0.065033,N/A,0.065562,0.065605,0.064643
06/26/2023,0.065362,N/A,0.065826,0.065646,0.064483
06/25/2023,0.065889,N/A,0.067593,0.066814,0.065453
06/24/2023,0.067641,N/A,0.068056,0.067642,0.066437
06/23/2023,0.068101,N/A,0.066252,0.068284,0.066953
06/22/2023,0.066246,N/A,0.068482,0.066319,0.065567
06/21/2023,0.068509,N/A,0.063997,0.069278,0.065589
06/20/2023,0.06399,N/A,0.062304,0.064179,0.062845
06/19/2023,0.062316,N/A,0.061915,0.062799,0.062247
06/18/2023,0.061893,N/A,0.061893,0.062144,0.061781
06/17/2023,0.061885,N/A,0.061924,0.062226,0.061409
06/16/2023,0.061951,N/A,0.061734,0.062192,0.061778
06/15/2023,0.061755,N/A,0.060178,0.061821,0.061221
06/14/2023,0.060238,N/A,0.061981,0.060413,0.059779
06/13/2023,0.061981,N/A,0.061962,0.062178,0.061636
06/12/2023,0.061989,N/A,0.060626,0.062171,0.061202
06/11/2023,0.060689,N/A,0.061645,0.061559,0.06009
06/10/2023,0.061561,N/A,0.067832,0.061863,0.061223
06/09/2023,0.068035,N/A,0.067885,0.070869,0.067805
06/08/2023,0.067814,N/A,0.067365,0.06811,0.067451
06/07/2023,0.067305,N/A,0.069513,0.067795,0.066998
06/06/2023,0.069505,N/A,0.066687,0.070291,0.06926
06/05/2023,0.066638,N/A,0.071574,0.066779,0.066141
06/04/2023,0.071543,N/A,0.072582,0.072684,0.071386
06/03/2023,0.072604,N/A,0.072394,0.072912,0.072435
06/02/2023,0.072402,N/A,0.071962,0.072606,0.072207
06/01/2023,0.071882,N/A,0.071322,0.071984,0.071052
05/31/2023,0.071139,N/A,0.072423,0.071953,0.070783
05/30/2023,0.072448,N/A,0.073212,0.072673,0.071804
05/29/2023,0.07328,N/A,0.0732,0.073314,0.072895
05/28/2023,0.073439,N/A,0.072876,0.073975,0.073308
05/27/2023,0.072832,N/A,0.071409,0.073316,0.072426
05/26/2023,0.07137,N/A,0.070693,0.071372,0.070839
05/25/2023,0.070659,N/A,0.070216,0.07104,0.070449
05/24/2023,0.070172,N/A,0.071372,0.070798,0.06889
05/23/2023,0.071434,N/A,0.073796,0.072881,0.071308
05/22/2023,0.073901,N/A,0.071468,0.073901,0.072746
05/21/2023,0.071515,N/A,0.073773,0.072374,0.07099
05/20/2023,0.073803,N/A,0.073389,0.073979,0.073622
05/19/2023,0.073356,N/A,0.073512,0.073519,0.073085
05/18/2023,0.073532,N/A,0.074721,0.073701,0.07303
05/17/2023,0.074534,N/A,0.073129,0.074892,0.074503
05/16/2023,0.07325,N/A,0.071653,0.073527,0.072434
05/15/2023,0.071713,N/A,0.07279,0.072272,0.070924
05/14/2023,0.072696,N/A,0.071879,0.073549,0.070961
05/13/2023,0.07199,N/A,0.071972,0.072022,0.07122
05/12/2023,0.072137,N/A,0.070758,0.072398,0.071877
05/11/2023,0.070904,N/A,0.072484,0.071996,0.070393
05/10/2023,0.072543,N/A,0.073236,0.07316,0.072388
05/09/2023,0.073279,N/A,0.072476,0.07349,0.073008
05/08/2023,0.072496,N/A,0.075326,0.072868,0.07213
05/07/2023,0.075274,N/A,0.076779,0.077086,0.073652
05/06/2023,0.076742,N/A,0.079123,0.077189,0.076504
05/05/2023,0.079136,N/A,0.078534,0.080454,0.078823
05/04/2023,0.078585,N/A,0.079465,0.079156,0.078168
05/03/2023,0.079247,N/A,0.078281,0.079702,0.079154
05/02/2023,0.078321,N/A,0.078571,0.078785,0.078067
05/01/2023,0.078593,N/A,0.07853,0.079044,0.078221
04/30/2023,0.078504,N/A,0.081035,0.080007,0.077969
04/29/2023,0.081095,N/A,0.080865,0.081576,0.08071
04/28/2023,0.08091,N/A,0.079945,0.081029,0.080205
04/27/2023,0.079955,N/A,0.079853,0.080288,0.079865
04/26/2023,0.079966,N/A,0.079843,0.080401,0.0784
04/25/2023,0.079877,N/A,0.078323,0.080334,0.079577
04/24/2023,0.078254,N/A,0.079415,0.078995,0.078202
04/23/2023,0.079368,N/A,0.080375,0.080006,0.078286
04/22/2023,0.080449,N/A,0.078988,0.08045,0.079163
04/21/2023,0.078843,N/A,0.083865,0.078976,0.078187
04/20/2023,0.084196,N/A,0.088491,0.084578,0.083295
04/19/2023,0.089408,N/A,0.093514,0.091792,0.087726
04/18/2023,0.093158,N/A,0.091163,0.094129,0.092933
04/17/2023,0.091129,N/A,0.089286,0.091761,0.089817
04/16/2023,0.089227,N/A,0.089178,0.090637,0.088289
04/15/2023,0.089318,N/A,0.088274,0.089695,0.087765
04/14/2023,0.088311,N/A,0.090152,0.089355,0.087233
04/13/2023,0.090269,N/A,0.083299,0.090853,0.087212
04/12/2023,0.083421,N/A,0.081472,0.083544,0.082866
04/11/2023,0.08135,N/A,0.084635,0.084399,0.081108
04/10/2023,0.084597,N/A,0.0831,0.085199,0.084269
04/09/2023,0.082997,N/A,0.081988,0.083643,0.082422
04/08/2023,0.082169,N/A,0.083301,0.082382,0.081339
04/07/2023,0.083321,N/A,0.084944,0.083564,0.081841
04/06/2023,0.084992,N/A,0.092412,0.086143,0.084351
04/05/2023,0.092272,N/A,0.097939,0.092717,0.089986
04/04/2023,0.098735,N/A,0.09672,0.098735,0.093039
04/03/2023,0.097204,N/A,0.077295,0.099331,0.09233
04/02/2023,0.077499,N/A,0.084223,0.079185,0.076252
04/01/2023,0.081803,N/A,0.076984,0.083261,0.075934
03/31/2023,0.078258,N/A,0.074755,0.078558,0.076663
03/30/2023,0.074718,N/A,0.075016,0.075117,0.07401
03/29/2023,0.07516,N/A,0.073963,0.076767,0.074441
03/28/2023,0.073944,N/A,0.072221,0.074229,0.073512
03/27/2023,0.072228,N/A,0.073663,0.07317,0.072082
03/26/2023,0.073752,N/A,0.074361,0.07458,0.073259
03/25/2023,0.074256,N/A,0.075861,0.07497,0.073715
03/24/2023,0.075525,N/A,0.076761,0.075966,0.074292
03/23/2023,0.07666,N/A,0.073778,0.077498,0.076556
03/22/2023,0.073808,N/A,0.076324,0.074348,0.072986
03/21/2023,0.076261,N/A,0.072024,0.076724,0.074942
03/20/2023,0.07189,N/A,0.073543,0.072368,0.071173
03/19/2023,0.073227,N/A,0.074888,0.075558,0.073203
03/18/2023,0.074901,N/A,0.077842,0.074906,0.072959
03/17/2023,0.078003,N/A,0.073524,0.078775,0.075766
03/16/2023,0.073331,N/A,0.070073,0.074113,0.071528
03/15/2023,0.069905,N/A,0.075345,0.070709,0.068919
03/14/2023,0.075275,N/A,0.072704,0.075663,0.073764
03/13/2023,0.072663,N/A,0.069967,0.072913,0.072188
03/12/2023,0.070042,N/A,0.066101,0.071567,0.069884
03/11/2023,0.066253,N/A,0.066189,0.066339,0.065516
03/10/2023,0.066265,N/A,0.065755,0.068312,0.065694
03/09/2023,0.065761,N/A,0.071903,0.066042,0.064564
03/08/2023,0.071857,N/A,0.073761,0.072126,0.070976
03/07/2023,0.073759,N/A,0.075588,0.074305,0.073377
03/06/2023,0.075516,N/A,0.073747,0.07596,0.07447
03/05/2023,0.073689,N/A,0.075801,0.07499,0.073389
03/04/2023,0.075812,N/A,0.076495,0.076039,0.074301
03/03/2023,0.076438,N/A,0.075744,0.077212,0.076403
03/02/2023,0.075617,N/A,0.081129,0.080607,0.073579
03/01/2023,0.081067,N/A,0.082298,0.082257,0.080637
02/28/2023,0.082291,N/A,0.082051,0.082296,0.080298
02/27/2023,0.08194,N/A,0.08165,0.0829,0.081261
02/26/2023,0.081637,N/A,0.081115,0.082215,0.081575
02/25/2023,0.081072,N/A,0.081359,0.081367,0.080434
02/24/2023,0.081276,N/A,0.084369,0.081993,0.080875
02/23/2023,0.084492,N/A,0.086126,0.08497,0.084085
02/22/2023,0.086034,N/A,0.084762,0.086392,0.085146
02/21/2023,0.084516,N/A,0.08774,0.085747,0.083484
02/20/2023,0.087673,N/A,0.08778,0.088759,0.087553
02/19/2023,0.087632,N/A,0.088812,0.08772,0.085352
02/18/2023,0.088765,N/A,0.088121,0.089143,0.088269
02/17/2023,0.088132,N/A,0.086125,0.088529,0.087703
02/16/2023,0.08597,N/A,0.089458,0.08664,0.084393
02/15/2023,0.086397,N/A,0.081167,0.087298,0.082673
02/14/2023,0.086064,N/A,0.081302,0.087044,0.082673
02/13/2023,0.08139,N/A,0.084422,0.082282,0.08119
02/12/2023,0.08509,N/A,0.08182,0.086367,0.080512
02/11/2023,0.08164,N/A,0.081853,0.082282,0.081622
02/10/2023,0.081833,N/A,0.081561,0.082313,0.080682
02/09/2023,0.081603,N/A,0.087195,0.082302,0.081174
02/08/2023,0.087306,N/A,0.092508,0.090927,0.085348
02/07/2023,0.092514,N/A,0.090613,0.093308,0.092296
02/06/2023,0.090652,N/A,0.091744,0.090913,0.089458
02/05/2023,0.09602,N/A,0.093684,0.0969,0.093663
02/04/2023,0.095099,N/A,0.093759,0.09602,0.093663
02/03/2023,0.093814,N/A,0.092056,0.095189,0.092552
02/02/2023,0.09189,N/A,0.09418,0.092127,0.09039
02/01/2023,0.094233,N/A,0.092506,0.09582,0.093769
01/31/2023,0.092407,N/A,0.091597,0.096882,0.091959
01/30/2023,0.091327,N/A,0.089268,0.094246,0.088307
01/29/2023,0.089643,N/A,0.089733,0.090715,0.087342
01/28/2023,0.08835,N/A,0.087346,0.089507,0.087342
01/27/2023,0.089039,N/A,0.084633,0.089056,0.0872
01/26/2023,0.084974,N/A,0.086334,0.08676,0.083999
01/25/2023,0.087104,N/A,0.084172,0.087387,0.086092
01/24/2023,0.084355,N/A,0.090601,0.084355,0.081898
01/23/2023,0.089996,N/A,0.090632,0.090749,0.087991
01/22/2023,0.090384,N/A,0.085229,0.091438,0.087956
01/21/2023,0.085584,N/A,0.086071,0.085731,0.084502
01/20/2023,0.086192,N/A,0.081127,0.086698,0.085453
01/19/2023,0.081487,N/A,0.081297,0.081927,0.080985
01/18/2023,0.081334,N/A,0.086531,0.081577,0.079946
01/17/2023,0.08659,N/A,0.083835,0.088367,0.082769
01/16/2023,0.08373,N/A,0.086819,0.084194,0.082382
01/15/2023,0.08676,N/A,0.084886,0.088064,0.085377
01/14/2023,0.084764,N/A,0.087734,0.08777,0.084183
01/13/2023,0.087569,N/A,0.080795,0.090093,0.084186
01/12/2023,0.080928,N/A,0.080027,0.081545,0.079223
01/11/2023,0.080146,N/A,0.076517,0.081125,0.077755
01/10/2023,0.07626,N/A,0.075985,0.078296,0.07608
01/09/2023,0.075735,N/A,0.075249,0.077332,0.074126
01/08/2023,0.07525,N/A,0.071792,0.076077,0.073031
01/07/2023,0.07177,N/A,0.072273,0.072371,0.07131
01/06/2023,0.072294,N/A,0.071246,0.072949,0.072182
01/05/2023,0.071038,N/A,0.073795,0.072171,0.070804
01/04/2023,0.07385,N/A,0.072275,0.074269,0.07264
01/03/2023,0.072451,N/A,0.071485,0.072847,0.070209
01/02/2023,0.071503,N/A,0.069917,0.071818,0.071167
01/01/2023,0.069918,N/A,0.069172,0.070307,0.069098
12/31/2022,0.069307,N/A,0.068209,0.070314,0.069305
12/30/2022,0.068211,N/A,0.070543,0.068736,0.067988
12/29/2022,0.070466,N/A,0.07082,0.071405,0.070188
12/28/2022,0.070598,N/A,0.071539,0.070901,0.069799
12/27/2022,0.071647,N/A,0.075093,0.073848,0.071006
12/26/2022,0.075009,N/A,0.076003,0.076088,0.074887
12/25/2022,0.076064,N/A,0.077209,0.076484,0.075375
12/24/2022,0.077167,N/A,0.077301,0.077653,0.077108
12/23/2022,0.077327,N/A,0.078078,0.077543,0.076861
12/22/2022,0.078052,N/A,0.07347,0.078549,0.076611
12/21/2022,0.073692,N/A,0.072134,0.074241,0.073397
12/20/2022,0.072338,N/A,0.074811,0.07502,0.072257
12/19/2022,0.07481,N/A,0.077617,0.075275,0.071166
12/18/2022,0.077755,N/A,0.079603,0.07946,0.077144
12/17/2022,0.079687,N/A,0.077446,0.080041,0.078246
12/16/2022,0.077466,N/A,0.085924,0.077476,0.075551
12/15/2022,0.086149,N/A,0.087694,0.086639,0.08466
12/14/2022,0.087505,N/A,0.091625,0.088779,0.086289
12/13/2022,0.091265,N/A,0.089533,0.091876,0.090735
12/12/2022,0.089596,N/A,0.087269,0.0917,0.089233
12/11/2022,0.087752,N/A,0.09689,0.092987,0.085129
12/10/2022,0.096902,N/A,0.096448,0.097027,0.096304
12/09/2022,0.096524,N/A,0.098088,0.097235,0.096428
12/08/2022,0.098226,N/A,0.096251,0.099272,0.097817
12/07/2022,0.096378,N/A,0.101014,0.097644,0.095185
12/06/2022,0.100452,N/A,0.101419,0.101001,0.099508
12/05/2022,0.101553,N/A,0.10518,0.102728,0.101048
12/04/2022,0.104511,N/A,0.103756,0.104983,0.103721
12/03/2022,0.101385,N/A,0.098928,0.102899,0.100677
12/02/2022,0.101164,N/A,0.09853,0.102899,0.100677
12/01/2022,0.098579,N/A,0.104513,0.103398,0.09729
11/30/2022,0.104212,N/A,0.106848,0.107715,0.103879
11/29/2022,0.106202,N/A,0.101152,0.10982,0.101121
11/28/2022,0.103706,N/A,0.095493,0.103769,0.093712
11/27/2022,0.095055,N/A,0.09337,0.099435,0.092255
11/26/2022,0.09454,N/A,0.092431,0.094618,0.08881
11/25/2022,0.092012,N/A,0.08136,0.095262,0.089005
11/24/2022,0.081321,N/A,0.082373,0.083208,0.080777
11/23/2022,0.082471,N/A,0.081733,0.084131,0.080847
11/22/2022,0.081642,N/A,0.075477,0.083464,0.077829
11/21/2022,0.075806,N/A,0.075836,0.076743,0.074442
11/20/2022,0.084772,N/A,0.084285,0.085797,0.084322
11/18/2022,0.084278,N/A,0.084787,0.085901,0.083653
11/17/2022,0.084794,N/A,0.084938,0.087207,0.082764
11/16/2022,0.084865,N/A,0.086475,0.091109,0.083648
11/15/2022,0.087517,N/A,0.086861,0.088105,0.086119
11/14/2022,0.08666,N/A,0.081861,0.087712,0.085265
11/13/2022,0.08149,N/A,0.089545,0.085504,0.079456
11/12/2022,0.090015,N/A,0.081008,0.091381,0.087017
11/11/2022,0.081706,N/A,0.084904,0.085242,0.081196
11/10/2022,0.084813,N/A,0.080862,0.092769,0.082774
11/09/2022,0.080186,N/A,0.085775,0.081473,0.073521
11/08/2022,0.085774,N/A,0.100089,0.089696,0.08186
11/07/2022,0.100533,N/A,0.117827,0.112425,0.096929
11/06/2022,0.117583,N/A,0.125029,0.118625,0.114482
11/05/2022,0.125017,N/A,0.12498,0.125441,0.122034
11/04/2022,0.124218,N/A,0.119505,0.127475,0.122972
11/03/2022,0.118931,N/A,0.133814,0.122977,0.115611
11/02/2022,0.135354,N/A,0.141214,0.13536,0.126712
11/01/2022,0.141611,N/A,0.127652,0.144678,0.135714
10/31/2022,0.127102,N/A,0.122063,0.130245,0.12488
10/30/2022,0.122393,N/A,0.127935,0.125722,0.116957
10/29/2022,0.12773,N/A,0.086332,0.130512,0.115375
10/28/2022,0.086045,N/A,0.07414,0.087971,0.083042
10/27/2022,0.07359,N/A,0.076248,0.077316,0.072656
10/26/2022,0.076215,N/A,0.06578,0.076489,0.071784
10/25/2022,0.065787,N/A,0.060418,0.066928,0.062625
10/24/2022,0.060304,N/A,0.059801,0.060838,0.059148
10/23/2022,0.059818,N/A,0.059639,0.060889,0.059774
10/22/2022,0.059651,N/A,0.059435,0.059839,0.05948
10/21/2022,0.059411,N/A,0.059135,0.059892,0.059281
10/20/2022,0.05896,N/A,0.05913,0.059493,0.058767
10/19/2022,0.059393,N/A,0.059823,0.059405,0.058283
10/18/2022,0.059845,N/A,0.059468,0.060175,0.059411
10/17/2022,0.059989,N/A,0.058687,0.060283,0.059289
10/16/2022,0.058815,N/A,0.058929,0.059096,0.058557
10/15/2022,0.058965,N/A,0.058932,0.059374,0.058542
10/14/2022,0.059035,N/A,0.060488,0.059035,0.058529
10/13/2022,0.060512,N/A,0.058923,0.061004,0.0595
10/12/2022,0.058916,N/A,0.060467,0.059923,0.058319
10/11/2022,0.06053,N/A,0.059,0.060988,0.059863
10/10/2022,0.058961,N/A,0.062241,0.059386,0.057564
10/09/2022,0.062276,N/A,0.061476,0.062505,0.061939
10/08/2022,0.061414,N/A,0.062485,0.061812,0.061414
10/07/2022,0.062619,N/A,0.063469,0.062656,0.062174
10/06/2022,0.06349,N/A,0.066073,0.063619,0.06314
10/05/2022,0.066398,N/A,0.064974,0.066794,0.064749
10/04/2022,0.065067,N/A,0.060296,0.066697,0.064675
10/03/2022,0.060292,N/A,0.059436,0.060507,0.059956
10/02/2022,0.059447,N/A,0.060743,0.059939,0.058851
10/01/2022,0.060725,N/A,0.061695,0.060958,0.060557
09/30/2022,0.061731,N/A,0.060393,0.063071,0.061338
09/29/2022,0.060325,N/A,0.060743,0.060967,0.060273
09/28/2022,0.060807,N/A,0.059379,0.060923,0.060289
09/27/2022,0.059289,N/A,0.062538,0.060952,0.058553
09/26/2022,0.062488,N/A,0.061373,0.062783,0.060996
09/25/2022,0.06129,N/A,0.063372,0.061867,0.060746
09/24/2022,0.063311,N/A,0.065946,0.063417,0.062508
09/23/2022,0.06597,N/A,0.061465,0.068159,0.062879
09/22/2022,0.06115,N/A,0.057466,0.061175,0.059476
09/21/2022,0.057416,N/A,0.059237,0.057538,0.056841
09/20/2022,0.059227,N/A,0.058626,0.059603,0.058307
09/19/2022,0.058453,N/A,0.056793,0.05877,0.057986
09/18/2022,0.056882,N/A,0.061405,0.058181,0.056324
09/17/2022,0.061244,N/A,0.060533,0.062207,0.061244
09/16/2022,0.060546,N/A,0.059494,0.060944,0.060428
09/15/2022,0.05946,N/A,0.060263,0.05947,0.058146
09/14/2022,0.060215,N/A,0.060576,0.061208,0.059708
09/13/2022,0.060565,N/A,0.063537,0.060685,0.059306
09/12/2022,0.063532,N/A,0.062924,0.063969,0.062774
09/11/2022,0.062821,N/A,0.064288,0.064512,0.06263
09/10/2022,0.064291,N/A,0.063743,0.065288,0.064222
09/09/2022,0.063805,N/A,0.062264,0.064138,0.063217
09/08/2022,0.062286,N/A,0.060937,0.062447,0.060911
09/07/2022,0.060912,N/A,0.058419,0.061327,0.060719
09/06/2022,0.058335,N/A,0.063294,0.058993,0.057526
09/05/2022,0.063196,N/A,0.06314,0.065124,0.062442
09/04/2022,0.063178,N/A,0.06251,0.063719,0.062934
09/03/2022,0.06249,N/A,0.061333,0.062977,0.062366
09/02/2022,0.061393,N/A,0.062466,0.061727,0.061306
09/01/2022,0.06249,N/A,0.060657,0.062718,0.06175
08/31/2022,0.060535,N/A,0.063191,0.061785,0.060412
08/30/2022,0.063104,N/A,0.063382,0.063418,0.061497
08/29/2022,0.06351,N/A,0.061815,0.064227,0.063105
08/28/2022,0.061883,N/A,0.063151,0.062017,0.060917
08/27/2022,0.063176,N/A,0.063759,0.063939,0.062996
08/26/2022,0.063821,N/A,0.068711,0.063973,0.063119
08/25/2022,0.068137,N/A,0.067287,0.068589,0.067646
08/24/2022,0.067981,N/A,0.067026,0.068589,0.067646
08/23/2022,0.066975,N/A,0.0683,0.068883,0.066785
08/22/2022,0.068438,N/A,0.067967,0.068781,0.06768
08/21/2022,0.069007,N/A,0.069713,0.069827,0.067366
08/20/2022,0.068248,N/A,0.069254,0.069827,0.068228
08/19/2022,0.069052,N/A,0.073529,0.069551,0.067579
08/18/2022,0.07352,N/A,0.080239,0.074837,0.071961
08/17/2022,0.0804,N/A,0.084132,0.080872,0.0792
08/16/2022,0.084178,N/A,0.078733,0.086788,0.083614
08/15/2022,0.0785,N/A,0.079473,0.079457,0.075725
08/14/2022,0.079192,N/A,0.073301,0.080895,0.07891
08/13/2022,0.073803,N/A,0.072737,0.073944,0.072287
08/12/2022,0.07263,N/A,0.070832,0.072863,0.071497
08/11/2022,0.070816,N/A,0.071089,0.071079,0.069644
08/10/2022,0.071396,N/A,0.067816,0.07191,0.070674
08/09/2022,0.067735,N/A,0.070066,0.06878,0.066582
08/08/2022,0.07034,N/A,0.0698,0.070559,0.069466
08/07/2022,0.069792,N/A,0.068333,0.070065,0.068768
08/06/2022,0.068336,N/A,0.070182,0.06899,0.067464
08/05/2022,0.069854,N/A,0.068102,0.071065,0.069018
08/04/2022,0.068188,N/A,0.066973,0.068275,0.067206
08/03/2022,0.066998,N/A,0.06641,0.067325,0.066076
08/02/2022,0.066487,N/A,0.065958,0.066789,0.065169
08/01/2022,0.066071,N/A,0.070001,0.069023,0.065824
07/31/2022,0.069738,N/A,0.070401,0.071145,0.067933
07/30/2022,0.070188,N/A,0.068992,0.070555,0.069046
07/29/2022,0.068813,N/A,0.071716,0.070059,0.068336
07/28/2022,0.071841,N/A,0.066673,0.071917,0.068369
07/27/2022,0.066729,N/A,0.06184,0.067377,0.065875
07/26/2022,0.061829,N/A,0.061699,0.062703,0.061806
07/25/2022,0.061625,N/A,0.064571,0.062214,0.061268
07/24/2022,0.064392,N/A,0.067741,0.067951,0.06416
07/23/2022,0.067703,N/A,0.068133,0.068546,0.067647
07/22/2022,0.068399,N/A,0.069503,0.068591,0.066907
07/21/2022,0.069467,N/A,0.067077,0.07087,0.069239
07/20/2022,0.068261,N/A,0.06913,0.070844,0.067027
07/19/2022,0.069745,N/A,0.066546,0.069986,0.06778
07/18/2022,0.066134,N/A,0.064731,0.068582,0.06611
07/17/2022,0.064753,N/A,0.064123,0.064963,0.063006
07/16/2022,0.064396,N/A,0.062415,0.064825,0.063671
07/15/2022,0.062667,N/A,0.062307,0.063067,0.062281
07/14/2022,0.062266,N/A,0.061335,0.063165,0.061648
07/13/2022,0.061459,N/A,0.060566,0.062146,0.061143
07/12/2022,0.060309,N/A,0.06243,0.060762,0.059138
07/11/2022,0.062014,N/A,0.066083,0.062484,0.0614
07/10/2022,0.066074,N/A,0.068026,0.067241,0.065701
07/09/2022,0.068133,N/A,0.069054,0.069475,0.067884
07/08/2022,0.069274,N/A,0.072098,0.069804,0.068856
07/07/2022,0.071929,N/A,0.068692,0.07326,0.070187
07/06/2022,0.068722,N/A,0.067048,0.069449,0.068238
07/05/2022,0.066917,N/A,0.069434,0.06777,0.066214
07/03/2022,0.06579,N/A,0.067323,0.067119,0.065074
07/02/2022,0.066289,N/A,0.066536,0.066799,0.065472
07/01/2022,0.066351,N/A,0.066146,0.067711,0.065629
06/30/2022,0.066639,N/A,0.068598,0.068075,0.065724
06/29/2022,0.068505,N/A,0.066686,0.06965,0.067376
06/28/2022,0.066657,N/A,0.070183,0.067504,0.065624
06/27/2022,0.069775,N/A,0.074997,0.072881,0.068872
06/26/2022,0.074689,N/A,0.067914,0.076327,0.072921
06/25/2022,0.067944,N/A,0.067705,0.068795,0.067255
06/24/2022,0.067525,N/A,0.065272,0.067834,0.066261
06/23/2022,0.065428,N/A,0.062795,0.066389,0.063941
06/22/2022,0.063013,N/A,0.062752,0.06375,0.061647
06/21/2022,0.062804,N/A,0.060372,0.065781,0.062766
06/20/2022,0.060329,N/A,0.058362,0.060395,0.059037
06/19/2022,0.05834,N/A,0.051938,0.060602,0.057453
06/18/2022,0.052121,N/A,0.056414,0.053662,0.051185
06/17/2022,0.056393,N/A,0.055829,0.057822,0.056011
06/16/2022,0.055919,N/A,0.060211,0.056863,0.054641
06/15/2022,0.060268,N/A,0.053578,0.062798,0.060068
06/14/2022,0.054081,N/A,0.055358,0.056278,0.053918
06/13/2022,0.055074,N/A,0.059876,0.055074,0.04987
06/12/2022,0.060073,N/A,0.066079,0.065888,0.059004
06/11/2022,0.066174,N/A,0.075804,0.070311,0.064553
06/10/2022,0.075821,N/A,0.079287,0.07598,0.07522
06/09/2022,0.07943,N/A,0.079559,0.079653,0.077859
06/08/2022,0.079851,N/A,0.081048,0.079891,0.078951
06/07/2022,0.079559,N/A,0.078962,0.081545,0.078953
06/06/2022,0.079241,N/A,0.082659,0.08254,0.077819
06/05/2022,0.082918,N/A,0.080969,0.083332,0.080903
06/04/2022,0.08095,N/A,0.079728,0.08197,0.080731
06/03/2022,0.079893,N/A,0.082505,0.080786,0.079337
06/02/2022,0.082674,N/A,0.080915,0.082939,0.082294
06/01/2022,0.080528,N/A,0.085557,0.081132,0.080106
05/31/2022,0.085411,N/A,0.087575,0.087052,0.085334
05/30/2022,0.084967,N/A,0.081606,0.086404,0.08211
05/29/2022,0.084316,N/A,0.080701,0.085079,0.08211
05/28/2022,0.080586,N/A,0.081396,0.082179,0.079956
05/27/2022,0.081894,N/A,0.078375,0.083005,0.080882
05/26/2022,0.078553,N/A,0.083074,0.078858,0.076662
05/25/2022,0.082973,N/A,0.083949,0.083702,0.08259
05/24/2022,0.08397,N/A,0.084207,0.084473,0.082646
05/23/2022,0.084176,N/A,0.085588,0.08427,0.082921
05/22/2022,0.085612,N/A,0.084556,0.086276,0.085199
05/21/2022,0.084393,N/A,0.08435,0.084972,0.084302
05/20/2022,0.083773,N/A,0.086482,0.084273,0.082574
05/19/2022,0.086605,N/A,0.084452,0.087901,0.085978
05/18/2022,0.084198,N/A,0.088735,0.08456,0.081508
05/17/2022,0.088739,N/A,0.089819,0.090967,0.088662
05/16/2022,0.09001,N/A,0.090173,0.090145,0.087882
05/15/2022,0.089862,N/A,0.087374,0.093191,0.089276
05/14/2022,0.087371,N/A,0.089889,0.090464,0.086799
05/13/2022,0.089597,N/A,0.093378,0.091874,0.088067
05/12/2022,0.0937,N/A,0.079075,0.09418,0.082152
05/11/2022,0.080335,N/A,0.109169,0.089624,0.080159
05/10/2022,0.109254,N/A,0.107766,0.110705,0.106018
05/09/2022,0.108276,N/A,0.121989,0.109061,0.099659
05/08/2022,0.122107,N/A,0.12639,0.125198,0.121372
05/07/2022,0.126351,N/A,0.127815,0.128175,0.124385
05/06/2022,0.128098,N/A,0.128398,0.128853,0.126657
05/05/2022,0.12818,N/A,0.136909,0.128665,0.126844
05/04/2022,0.136929,N/A,0.12967,0.137688,0.135136
05/03/2022,0.129617,N/A,0.13141,0.130708,0.129362
05/02/2022,0.131509,N/A,0.13215,0.131859,0.130326
05/01/2022,0.132229,N/A,0.130112,0.133896,0.13139
04/30/2022,0.130095,N/A,0.135788,0.130639,0.12611
04/29/2022,0.135591,N/A,0.141482,0.136181,0.134701
04/28/2022,0.141216,N/A,0.139318,0.141226,0.135969
04/27/2022,0.139376,N/A,0.139975,0.143221,0.13934
04/26/2022,0.139864,N/A,0.153567,0.141301,0.13523
04/25/2022,0.153783,N/A,0.128708,0.158753,0.149802
04/24/2022,0.128754,N/A,0.134207,0.131837,0.126134
04/23/2022,0.134479,N/A,0.134844,0.134675,0.133489
04/22/2022,0.134835,N/A,0.136674,0.136716,0.134706
04/21/2022,0.136615,N/A,0.140876,0.137191,0.135934
04/20/2022,0.140764,N/A,0.143052,0.141897,0.140511
04/19/2022,0.143695,N/A,0.139638,0.144131,0.140842
04/18/2022,0.139784,N/A,0.139907,0.141325,0.139323
04/17/2022,0.143689,N/A,0.143923,0.144513,0.142347
04/16/2022,0.143209,N/A,0.14673,0.143937,0.142347
04/15/2022,0.146948,N/A,0.143919,0.147924,0.145618
04/14/2022,0.143691,N/A,0.141155,0.144476,0.142113
04/13/2022,0.140947,N/A,0.140613,0.142334,0.139598
04/12/2022,0.140516,N/A,0.135935,0.142936,0.137214
04/11/2022,0.13581,N/A,0.146252,0.13596,0.133234
04/10/2022,0.146395,N/A,0.14978,0.151386,0.144964
04/09/2022,0.149721,N/A,0.142153,0.151671,0.143608
04/08/2022,0.142327,N/A,0.150223,0.143447,0.140738
04/07/2022,0.149831,N/A,0.142833,0.151164,0.145233
04/06/2022,0.142605,N/A,0.160171,0.145781,0.14028
04/05/2022,0.160465,N/A,0.150394,0.174104,0.158669
04/04/2022,0.15044,N/A,0.14468,0.152266,0.147416
04/03/2022,0.144945,N/A,0.139178,0.146551,0.143175
04/02/2022,0.13997,N/A,0.141206,0.144299,0.138369
04/01/2022,0.142874,N/A,0.13489,0.144009,0.140501
03/31/2022,0.134704,N/A,0.144608,0.139472,0.132265
03/30/2022,0.144707,N/A,0.142323,0.145762,0.14252
03/29/2022,0.142192,N/A,0.144438,0.144511,0.138524
03/28/2022,0.144635,N/A,0.148954,0.146232,0.142177
03/27/2022,0.149171,N/A,0.14138,0.150032,0.143123
03/26/2022,0.139967,N/A,0.131313,0.141543,0.135541
03/25/2022,0.130901,N/A,0.135491,0.131908,0.12909
03/24/2022,0.135242,N/A,0.136392,0.137453,0.134625
03/23/2022,0.136272,N/A,0.121852,0.138291,0.127841
03/22/2022,0.121872,N/A,0.12171,0.123296,0.121139
03/21/2022,0.121979,N/A,0.119419,0.122556,0.118728
03/20/2022,0.119314,N/A,0.122347,0.120818,0.117789
03/19/2022,0.122542,N/A,0.118912,0.124079,0.121724
03/18/2022,0.118468,N/A,0.115367,0.120502,0.118411
03/17/2022,0.114897,N/A,0.117425,0.11677,0.114842
03/16/2022,0.117181,N/A,0.114876,0.117668,0.116159
03/15/2022,0.112875,N/A,0.113126,0.115913,0.112107
03/14/2022,0.112317,N/A,0.111144,0.114209,0.111854
03/13/2022,0.111146,N/A,0.115592,0.111908,0.110319
03/12/2022,0.116253,N/A,0.11633,0.116291,0.11434
03/11/2022,0.116938,N/A,0.115825,0.117289,0.115384
03/10/2022,0.115056,N/A,0.1168,0.116961,0.114644
03/09/2022,0.11697,N/A,0.121727,0.121751,0.1168
03/08/2022,0.121595,N/A,0.118574,0.122276,0.116574
03/07/2022,0.118469,N/A,0.118984,0.119774,0.116332
03/06/2022,0.122652,N/A,0.124288,0.123785,0.118276
03/03/2022,0.129522,N/A,0.133033,0.133808,0.127289
03/02/2022,0.131623,N/A,0.134025,0.133719,0.131218
03/01/2022,0.134517,N/A,0.132827,0.135415,0.132103
02/28/2022,0.132948,N/A,0.123097,0.134372,0.131303
02/27/2022,0.123001,N/A,0.124453,0.124132,0.121422
02/26/2022,0.124625,N/A,0.129001,0.128223,0.123992
02/25/2022,0.129613,N/A,0.122883,0.130276,0.127149
02/24/2022,0.123042,N/A,0.116395,0.124758,0.121915
02/23/2022,0.116032,N/A,0.131261,0.127674,0.114631
02/22/2022,0.131195,N/A,0.125156,0.131882,0.130115
02/21/2022,0.125813,N/A,0.140188,0.129992,0.124295
02/20/2022,0.140072,N/A,0.137878,0.140072,0.135945
02/19/2022,0.138162,N/A,0.141516,0.141095,0.137826
02/18/2022,0.141232,N/A,0.140534,0.142676,0.138484
02/17/2022,0.140741,N/A,0.147639,0.141367,0.137775
02/16/2022,0.147741,N/A,0.149195,0.149999,0.146544
02/15/2022,0.149111,N/A,0.147845,0.151643,0.148225
02/14/2022,0.147711,N/A,0.145257,0.149295,0.144858
02/13/2022,0.145026,N/A,0.14417,0.150132,0.14363
02/12/2022,0.144185,N/A,0.145141,0.145414,0.143727
02/11/2022,0.145014,N/A,0.151855,0.146294,0.143594
02/10/2022,0.151853,N/A,0.15749,0.152801,0.149007
02/09/2022,0.156901,N/A,0.156616,0.160551,0.1565
02/08/2022,0.156731,N/A,0.166778,0.159901,0.154506
02/07/2022,0.165526,N/A,0.158019,0.166474,0.161062
02/06/2022,0.157837,N/A,0.147605,0.160557,0.1515
02/05/2022,0.147531,N/A,0.148465,0.14918,0.146433
02/04/2022,0.148464,N/A,0.13816,0.149527,0.14672
02/03/2022,0.138156,N/A,0.138127,0.138877,0.137041
02/02/2022,0.138202,N/A,0.142654,0.138482,0.136828
02/01/2022,0.142735,N/A,0.143569,0.143163,0.141944
01/31/2022,0.142804,N/A,0.137939,0.143676,0.140893
01/30/2022,0.137258,N/A,0.141528,0.13928,0.136541
01/29/2022,0.142293,N/A,0.142127,0.143087,0.141369
01/28/2022,0.1422,N/A,0.141099,0.142706,0.141211
01/27/2022,0.140538,N/A,0.139863,0.142473,0.139106
01/26/2022,0.140146,N/A,0.145722,0.144558,0.13847
01/25/2022,0.135652,N/A,0.127391,0.140701,0.132605
01/24/2022,0.134017,N/A,0.137754,0.140701,0.134017
01/23/2022,0.13788,N/A,0.136729,0.141804,0.137874
01/22/2022,0.137,N/A,0.143395,0.141626,0.132155
01/21/2022,0.143455,N/A,0.151284,0.145131,0.141213
01/20/2022,0.151385,N/A,0.164752,0.157406,0.148952
01/19/2022,0.164916,N/A,0.165801,0.165668,0.161634
01/18/2022,0.165689,N/A,0.168761,0.169457,0.164324
01/17/2022,0.168424,N/A,0.170087,0.174161,0.167398
01/16/2022,0.170907,N/A,0.18155,0.177928,0.16952
01/15/2022,0.181565,N/A,0.190534,0.184707,0.178787
01/14/2022,0.1905,N/A,0.189758,0.193626,0.18176
01/13/2022,0.190175,N/A,0.169096,0.190777,0.170741
01/12/2022,0.168759,N/A,0.1531,0.170433,0.161362
01/11/2022,0.153052,N/A,0.144779,0.155022,0.151961
01/10/2022,0.144395,N/A,0.151856,0.145933,0.141826
01/09/2022,0.152038,N/A,0.151504,0.153731,0.148723
01/08/2022,0.152421,N/A,0.156752,0.152714,0.14999
01/07/2022,0.156735,N/A,0.152616,0.15735,0.154819
01/06/2022,0.152592,N/A,0.155997,0.160204,0.149425
01/05/2022,0.155593,N/A,0.169818,0.16005,0.154099
01/04/2022,0.169863,N/A,0.169342,0.17049,0.16777
01/03/2022,0.169355,N/A,0.171128,0.170601,0.168327
01/02/2022,0.171221,N/A,0.171029,0.174493,0.171028
01/01/2022,0.171514,N/A,0.170202,0.173225,0.171514
12/31/2021,0.170726,N/A,0.17171,0.172854,0.170061
12/30/2021,0.171514,N/A,0.169971,0.172612,0.169926
12/29/2021,0.170145,N/A,0.175645,0.170512,0.165382
12/28/2021,0.175982,N/A,0.179707,0.177313,0.173798
12/27/2021,0.18011,N/A,0.190334,0.187915,0.178182
12/26/2021,0.190317,N/A,0.187158,0.191086,0.188686
12/25/2021,0.186818,N/A,0.189845,0.191823,0.185259
12/24/2021,0.189833,N/A,0.182435,0.190496,0.184861
12/23/2021,0.18233,N/A,0.174252,0.185146,0.182127
12/22/2021,0.175023,N/A,0.172948,0.175522,0.171401
12/21/2021,0.17281,N/A,0.169768,0.173114,0.16972
12/20/2021,0.169828,N/A,0.170473,0.171543,0.165807
12/19/2021,0.171396,N/A,0.174088,0.174585,0.170244
12/18/2021,0.17378,N/A,0.171953,0.174585,0.170244
12/17/2021,0.170612,N/A,0.175668,0.170852,0.166166
12/16/2021,0.175674,N/A,0.179153,0.175735,0.172534
12/15/2021,0.179218,N/A,0.180214,0.182886,0.178539
12/14/2021,0.180556,N/A,0.157571,0.19107,0.180049
12/13/2021,0.157476,N/A,0.165857,0.159352,0.155888
12/12/2021,0.165731,N/A,0.167215,0.170387,0.16351
12/11/2021,0.167054,N/A,0.166673,0.169677,0.166912
12/10/2021,0.166029,N/A,0.170437,0.167103,0.161272
12/09/2021,0.170381,N/A,0.178031,0.172914,0.169115
12/08/2021,0.177855,N/A,0.177629,0.181894,0.175921
12/07/2021,0.177279,N/A,0.178455,0.180372,0.173213
12/06/2021,0.177737,N/A,0.169903,0.183701,0.177233
12/05/2021,0.170053,N/A,0.178383,0.172485,0.165552
12/04/2021,0.175338,N/A,0.205107,0.200272,0.133105
12/03/2021,0.18506,N/A,0.20723,0.200272,0.18506
12/02/2021,0.208309,N/A,0.204055,0.211402,0.20622
12/01/2021,0.205019,N/A,0.216252,0.209312,0.201681
11/30/2021,0.214835,N/A,0.221376,0.218703,0.213454
11/29/2021,0.225341,N/A,0.20527,0.226857,0.214949
11/28/2021,0.205373,N/A,0.199282,0.208538,0.204493
11/27/2021,0.198944,N/A,0.208048,0.205053,0.197254
11/26/2021,0.209091,N/A,0.217911,0.209091,0.200986
11/25/2021,0.217252,N/A,0.217008,0.221767,0.216494
11/24/2021,0.216979,N/A,0.223338,0.220857,0.214334
11/23/2021,0.223489,N/A,0.222801,0.229616,0.221722
11/22/2021,0.222895,N/A,0.220981,0.223356,0.217897
11/21/2021,0.222389,N/A,0.227849,0.226125,0.220834
11/20/2021,0.228163,N/A,0.233147,0.23346,0.228133
11/19/2021,0.232749,N/A,0.221249,0.235725,0.232079
11/18/2021,0.220649,N/A,0.234981,0.22471,0.216243
11/17/2021,0.23639,N/A,0.234035,0.241272,0.235328
11/16/2021,0.232364,N/A,0.248116,0.239072,0.229922
11/15/2021,0.248317,N/A,0.263541,0.256726,0.243547
11/14/2021,0.26366,N/A,0.261187,0.265189,0.261783
11/13/2021,0.261491,N/A,0.25572,0.263178,0.260779
11/12/2021,0.256088,N/A,0.263672,0.260672,0.255409
11/11/2021,0.264537,N/A,0.262755,0.268464,0.259261
11/10/2021,0.261981,N/A,0.270824,0.263851,0.253402
11/09/2021,0.270772,N/A,0.284424,0.275681,0.267613
11/08/2021,0.283627,N/A,0.271472,0.28946,0.279467
11/07/2021,0.272509,N/A,0.261371,0.273707,0.264619
11/06/2021,0.261923,N/A,0.263504,0.263606,0.260046
11/05/2021,0.262658,N/A,0.261701,0.267432,0.259752
11/04/2021,0.261032,N/A,0.269503,0.263542,0.257887
11/03/2021,0.269032,N/A,0.271549,0.270796,0.266477
11/02/2021,0.270501,N/A,0.270336,0.275279,0.270161
11/01/2021,0.270436,N/A,0.265774,0.27282,0.267469
10/31/2021,0.267914,N/A,0.267682,0.28583,0.265643
10/30/2021,0.268607,N/A,0.285111,0.274301,0.261369
10/29/2021,0.284996,N/A,0.293737,0.290656,0.283143
10/28/2021,0.293228,N/A,0.235787,0.306514,0.291899
10/27/2021,0.234668,N/A,0.258985,0.240684,0.232689
10/26/2021,0.258791,N/A,0.264663,0.259767,0.254236
10/25/2021,0.26412,N/A,0.268234,0.267286,0.261944
10/24/2021,0.270179,N/A,0.250351,0.279834,0.270179
10/23/2021,0.250651,N/A,0.246213,0.251565,0.247805
10/22/2021,0.246453,N/A,0.245271,0.246533,0.242092
10/21/2021,0.245341,N/A,0.252865,0.246708,0.2423
10/20/2021,0.252587,N/A,0.242773,0.258186,0.24981
10/19/2021,0.243359,N/A,0.25466,0.245486,0.242163
10/18/2021,0.252402,N/A,0.237988,0.254422,0.243223
10/17/2021,0.237974,N/A,0.236953,0.241974,0.237683
10/16/2021,0.237195,N/A,0.236799,0.237674,0.234562
10/15/2021,0.236518,N/A,0.233428,0.245365,0.233751
10/14/2021,0.233548,N/A,0.236289,0.234721,0.227376
10/13/2021,0.236289,N/A,0.229277,0.240219,0.232406
10/12/2021,0.229107,N/A,0.223694,0.229779,0.22437
10/11/2021,0.223934,N/A,0.235854,0.2316,0.222586
10/10/2021,0.235672,N/A,0.244128,0.235672,0.226427
10/09/2021,0.244128,N/A,0.244542,0.246901,0.242245
10/08/2021,0.24579,N/A,0.243588,0.246351,0.241286
10/07/2021,0.242528,N/A,0.239899,0.247512,0.241528
10/06/2021,0.241487,N/A,0.25125,0.254281,0.237598
10/05/2021,0.250371,N/A,0.240425,0.257154,0.246726
10/04/2021,0.241897,N/A,0.219609,0.248592,0.238007
10/03/2021,0.216584,N/A,0.218978,0.22553,0.216248
10/02/2021,0.217967,N/A,0.216844,0.220126,0.215645
10/01/2021,0.21705,N/A,0.202028,0.223158,0.21705
09/30/2021,0.201885,N/A,0.203425,0.205097,0.201872
09/29/2021,0.203148,N/A,0.199472,0.20347,0.197712
09/28/2021,0.19908,N/A,0.201508,0.199196,0.194712
09/27/2021,0.206495,N/A,0.203624,0.209165,0.203255
09/26/2021,0.206503,N/A,0.205449,0.209165,0.203255
09/25/2021,0.20521,N/A,0.210972,0.208821,0.202495
09/24/2021,0.211044,N/A,0.222523,0.212439,0.207513
09/23/2021,0.222857,N/A,0.22501,0.228217,0.222817
09/22/2021,0.224103,N/A,0.202644,0.225855,0.220392
09/21/2021,0.203044,N/A,0.208678,0.207825,0.200055
09/20/2021,0.20928,N/A,0.222316,0.211787,0.19958
09/19/2021,0.222329,N/A,0.239145,0.233341,0.2195
09/18/2021,0.239774,N/A,0.242477,0.241403,0.238537
09/17/2021,0.241295,N/A,0.241258,0.24178,0.238086
09/16/2021,0.246672,N/A,0.24221,0.246672,0.238931
09/15/2021,0.242305,N/A,0.24059,0.247758,0.241403
09/14/2021,0.24063,N/A,0.236276,0.241921,0.239141
09/13/2021,0.236574,N/A,0.238655,0.238521,0.234381
09/12/2021,0.241402,N/A,0.242068,0.252095,0.240314
09/11/2021,0.241754,N/A,0.240538,0.242747,0.238822
09/10/2021,0.239349,N/A,0.256318,0.2442,0.238375
09/09/2021,0.255639,N/A,0.252388,0.261582,0.25118
09/08/2021,0.251522,N/A,0.254695,0.259262,0.249364
09/07/2021,0.2548,N/A,0.304535,0.26318,0.250965
09/06/2021,0.304687,N/A,0.312183,0.311108,0.304179
09/05/2021,0.301331,N/A,0.29693,0.30506,0.296339
09/04/2021,0.298435,N/A,0.295429,0.30506,0.29693
09/03/2021,0.296353,N/A,0.295946,0.297807,0.293337
09/02/2021,0.295551,N/A,0.301084,0.297205,0.28807
09/01/2021,0.300518,N/A,0.276098,0.309234,0.291845
08/31/2021,0.27556,N/A,0.274749,0.279146,0.273119
08/30/2021,0.274896,N/A,0.269724,0.27498,0.269844
08/29/2021,0.269913,N/A,0.264585,0.278491,0.265025
08/28/2021,0.264774,N/A,0.286149,0.275714,0.26259
08/27/2021,0.286168,N/A,0.264596,0.294277,0.285999
08/26/2021,0.266508,N/A,0.278175,0.289637,0.265073
08/25/2021,0.275373,N/A,0.285497,0.289637,0.274342
08/24/2021,0.285052,N/A,0.307223,0.291003,0.284366
08/23/2021,0.307848,N/A,0.314934,0.314331,0.306504
08/22/2021,0.314758,N/A,0.300579,0.31675,0.306551
08/21/2021,0.299494,N/A,0.309746,0.302902,0.29715
08/20/2021,0.310062,N/A,0.311983,0.314265,0.305572
08/19/2021,0.311531,N/A,0.293844,0.324463,0.310083
08/18/2021,0.295597,N/A,0.292056,0.305594,0.292079
08/17/2021,0.291047,N/A,0.31293,0.296904,0.273458
08/16/2021,0.311632,N/A,0.329167,0.315587,0.292772
08/15/2021,0.328203,N/A,0.297627,0.341972,0.327978
08/14/2021,0.300567,N/A,0.285898,0.309443,0.285739
08/13/2021,0.284558,N/A,0.255617,0.292417,0.281653
08/12/2021,0.256068,N/A,0.284631,0.258552,0.250438
08/11/2021,0.287838,N/A,0.24987,0.292365,0.260921
08/10/2021,0.248353,N/A,0.246023,0.249532,0.242043
08/09/2021,0.245929,N/A,0.240163,0.259113,0.245616
08/08/2021,0.240812,N/A,0.263393,0.242005,0.230012
08/07/2021,0.259674,N/A,0.213584,0.281384,0.251879
08/06/2021,0.212791,N/A,0.198539,0.213288,0.202309
08/05/2021,0.198284,N/A,0.198851,0.200355,0.197466
08/04/2021,0.198795,N/A,0.194642,0.201133,0.197858
08/03/2021,0.195305,N/A,0.199569,0.199,0.194703
08/02/2021,0.199243,N/A,0.204055,0.204225,0.199157
08/01/2021,0.203955,N/A,0.215679,0.205348,0.201638
07/31/2021,0.216496,N/A,0.208074,0.216756,0.205711
07/30/2021,0.208199,N/A,0.205418,0.213619,0.207136
07/29/2021,0.205288,N/A,0.202735,0.207676,0.201311
07/28/2021,0.203238,N/A,0.205007,0.205731,0.20164
07/27/2021,0.205048,N/A,0.198172,0.208005,0.201256
07/26/2021,0.198501,N/A,0.208501,0.204705,0.194865
07/25/2021,0.218288,N/A,0.194135,0.22117,0.196598
07/24/2021,0.189301,N/A,0.193019,0.1937,0.064615
07/23/2021,0.193131,N/A,0.191713,0.194679,0.190867
07/22/2021,0.191749,N/A,0.189713,0.193678,0.18933
07/21/2021,0.189552,N/A,0.17482,0.196036,0.186305
07/20/2021,0.175331,N/A,0.163402,0.177083,0.168116
07/19/2021,0.163625,N/A,0.176052,0.174382,0.161528
07/18/2021,0.175963,N/A,0.189864,0.181502,0.17478
07/17/2021,0.189695,N/A,0.170349,0.195538,0.184252
07/16/2021,0.170776,N/A,0.184843,0.174614,0.168685
07/15/2021,0.185914,N/A,0.196718,0.187276,0.180965
07/14/2021,0.195231,N/A,0.193455,0.200281,0.195231
07/13/2021,0.188198,N/A,0.204586,0.199536,0.187339
07/12/2021,0.205546,N/A,0.21504,0.207023,0.203091
07/11/2021,0.215623,N/A,0.212052,0.215676,0.213416
07/10/2021,0.211086,N/A,0.218617,0.214818,0.21081
07/09/2021,0.218741,N/A,0.200866,0.227071,0.217914
07/08/2021,0.205619,N/A,0.22034,0.207422,0.195927
07/07/2021,0.218479,N/A,0.23324,0.222825,0.211841
07/06/2021,0.232659,N/A,0.234483,0.234245,0.2305
07/05/2021,0.234343,N/A,0.23737,0.234698,0.230342
07/04/2021,0.2374,N/A,0.246818,0.241018,0.237009
07/03/2021,0.247013,N/A,0.241527,0.24919,0.241668
07/02/2021,0.241868,N/A,0.240388,0.245364,0.241726
07/01/2021,0.240688,N/A,0.242447,0.246266,0.239959
06/30/2021,0.242635,N/A,0.254434,0.253113,0.24245
06/29/2021,0.255271,N/A,0.252857,0.262796,0.25366
06/28/2021,0.253069,N/A,0.254851,0.257376,0.250805
06/27/2021,0.255575,N/A,0.251183,0.266409,0.254403
06/26/2021,0.250551,N/A,0.244229,0.252508,0.243383
06/25/2021,0.244596,N/A,0.284986,0.24886,0.234539
06/24/2021,0.286181,N/A,0.229312,0.288556,0.262855
06/23/2021,0.226494,N/A,0.209321,0.241617,0.222169
06/22/2021,0.208932,N/A,0.208035,0.220227,0.181047
06/21/2021,0.210758,N/A,0.26381,0.216312,0.166475
06/20/2021,0.263661,N/A,0.278594,0.280051,0.262797
06/19/2021,0.278793,N/A,0.286061,0.282216,0.275729
06/18/2021,0.284653,N/A,0.302226,0.295581,0.284423
06/17/2021,0.301838,N/A,0.310207,0.303863,0.297249
06/16/2021,0.309688,N/A,0.313694,0.310874,0.304164
06/15/2021,0.313445,N/A,0.32515,0.319177,0.311573
06/14/2021,0.325555,N/A,0.318455,0.32869,0.32181
06/13/2021,0.318321,N/A,0.306048,0.324634,0.317783
06/12/2021,0.305785,N/A,0.30434,0.31277,0.305272
06/11/2021,0.300684,N/A,0.323962,0.3168,0.299227
06/10/2021,0.323249,N/A,0.338734,0.326628,0.317874
06/09/2021,0.338959,N/A,0.317598,0.344416,0.336666
06/08/2021,0.318631,N/A,0.324291,0.327042,0.312234
06/07/2021,0.325283,N/A,0.373444,0.34016,0.31659
06/06/2021,0.373861,N/A,0.372153,0.377236,0.367353
06/05/2021,0.371602,N/A,0.385567,0.374471,0.36828
06/04/2021,0.380909,N/A,0.382843,0.389041,0.371541
06/03/2021,0.391178,N/A,0.421051,0.399588,0.368816
06/02/2021,0.421877,N/A,0.364187,0.429729,0.409172
06/01/2021,0.375108,N/A,0.329183,0.377558,0.351944
05/31/2021,0.325053,N/A,0.298395,0.342818,0.323254
05/30/2021,0.295388,N/A,0.296444,0.304437,0.294505
05/29/2021,0.295537,N/A,0.31364,0.302124,0.286698
05/28/2021,0.314107,N/A,0.337043,0.317036,0.308729
05/27/2021,0.33199,N/A,0.331845,0.336609,0.325003
05/26/2021,0.329479,N/A,0.353822,0.350525,0.32524
05/25/2021,0.353497,N/A,0.343492,0.354759,0.338344
05/24/2021,0.344145,N/A,0.305748,0.379504,0.336041
05/23/2021,0.306879,N/A,0.345248,0.31641,0.295792
05/22/2021,0.344925,N/A,0.338976,0.349669,0.336355
05/21/2021,0.339434,N/A,0.398076,0.359675,0.331663
05/20/2021,0.398773,N/A,0.339523,0.411212,0.395935
05/19/2021,0.338595,N/A,0.430993,0.348367,0.297074
05/18/2021,0.432906,N/A,0.490572,0.477866,0.419176
05/17/2021,0.490588,N/A,0.472049,0.493833,0.481705
05/16/2021,0.476315,N/A,0.532815,0.514218,0.464871
05/15/2021,0.530523,N/A,0.523187,0.547205,0.505621
05/14/2021,0.526066,N/A,0.496901,0.563262,0.525786
05/13/2021,0.491389,N/A,0.43744,0.498085,0.464572
05/12/2021,0.432055,N/A,0.491196,0.452448,0.353838
05/11/2021,0.490485,N/A,0.470637,0.50371,0.480366
05/10/2021,0.47101,N/A,0.528612,0.473664,0.44294
05/09/2021,0.526621,N/A,0.559305,0.568688,0.515168
05/08/2021,0.636101,N/A,0.708964,0.697487,0.625592
05/07/2021,0.702987,N/A,0.572634,0.710233,0.667511
05/06/2021,0.570678,N/A,0.633124,0.597059,0.519357
05/05/2021,0.629753,N/A,0.621851,0.663006,0.622845
05/04/2021,0.563419,N/A,0.414893,0.563625,0.559485
05/03/2021,0.416117,N/A,0.379114,0.447674,0.398416
05/02/2021,0.378613,N/A,0.374057,0.385427,0.372467
05/01/2021,0.378523,N/A,0.348634,0.399246,0.378471
04/30/2021,0.341418,N/A,0.309228,0.342816,0.327317
04/29/2021,0.308622,N/A,0.322407,0.314736,0.300761
04/28/2021,0.321498,N/A,0.265015,0.323797,0.310532
04/27/2021,0.266311,N/A,0.265291,0.272041,0.264951
04/26/2021,0.26522,N/A,0.264429,0.270397,0.264018
04/25/2021,0.264366,N/A,0.274968,0.272742,0.24739
04/24/2021,0.273224,N/A,0.243018,0.288841,0.266108
04/23/2021,0.242861,N/A,0.21653,0.253743,0.229214
04/22/2021,0.214149,N/A,0.272491,0.269065,0.166312
04/21/2021,0.272997,N/A,0.313511,0.308197,0.272251
04/20/2021,0.314677,N/A,0.391699,0.333825,0.301313
04/19/2021,0.39247,N/A,0.341513,0.412781,0.348792
04/18/2021,0.34035,N/A,0.270872,0.340423,0.309128
04/17/2021,0.255592,N/A,0.314423,0.307496,0.239707
04/16/2021,0.322759,N/A,0.265801,0.378924,0.305581
04/15/2021,0.270346,N/A,0.128681,0.295464,0.180132
04/14/2021,0.129139,N/A,0.111579,0.134198,0.120291
04/13/2021,0.112584,N/A,0.073396,0.117864,0.092535
04/12/2021,0.073887,N/A,0.073274,0.077093,0.070709
04/11/2021,0.073357,N/A,0.065903,0.075337,0.072016
04/10/2021,0.065885,N/A,0.061849,0.068483,0.063402
04/09/2021,0.061862,N/A,0.061295,0.062109,0.060969
04/08/2021,0.061403,N/A,0.060907,0.062287,0.06117
04/07/2021,0.060631,N/A,0.065294,0.060732,0.058705
04/06/2021,0.065829,N/A,0.05959,0.067151,0.06258
04/05/2021,0.059618,N/A,0.057968,0.060615,0.058954
04/04/2021,0.057938,N/A,0.056756,0.057987,0.056583
04/03/2021,0.05657,N/A,0.058408,0.056758,0.055121
04/02/2021,0.058459,N/A,0.05987,0.05943,0.057459
04/01/2021,0.059543,N/A,0.054153,0.062794,0.05868
03/31/2021,0.053969,N/A,0.053914,0.054239,0.053723
03/30/2021,0.053695,N/A,0.053829,0.054484,0.053543
03/29/2021,0.054233,N/A,0.053599,0.054407,0.053738
03/28/2021,0.053618,N/A,0.054329,0.053781,0.05323
03/27/2021,0.054437,N/A,0.054158,0.054566,0.053992
03/26/2021,0.053915,N/A,0.051422,0.054782,0.053484
03/25/2021,0.052047,N/A,0.050945,0.052329,0.051241
03/24/2021,0.051031,N/A,0.053686,0.052068,0.050231
03/23/2021,0.053607,N/A,0.055271,0.054017,0.052773
03/22/2021,0.055259,N/A,0.057555,0.056043,0.054495
03/21/2021,0.057368,N/A,0.058545,0.057493,0.056899
03/20/2021,0.058416,N/A,0.058529,0.059509,0.058045
03/19/2021,0.058506,N/A,0.057373,0.058845,0.058042
03/18/2021,0.057421,N/A,0.058044,0.057601,0.056462
03/17/2021,0.058011,N/A,0.058201,0.05915,0.057758
03/16/2021,0.05824,N/A,0.05664,0.058881,0.058054
03/15/2021,0.056454,N/A,0.059164,0.057432,0.055365
03/14/2021,0.059186,N/A,0.062916,0.05922,0.058249
03/13/2021,0.062017,N/A,0.055599,0.06351,0.059116
03/12/2021,0.055273,N/A,0.055993,0.055763,0.054694
03/11/2021,0.055942,N/A,0.055821,0.056965,0.055287
03/10/2021,0.055788,N/A,0.055928,0.056119,0.054895
03/09/2021,0.055811,N/A,0.059203,0.058642,0.054554
03/08/2021,0.059693,N/A,0.05449,0.062851,0.058396
03/07/2021,0.054466,N/A,0.051303,0.055683,0.051622
03/06/2021,0.051223,N/A,0.051659,0.051817,0.050708
03/05/2021,0.051466,N/A,0.048813,0.052437,0.049522
03/04/2021,0.049012,N/A,0.049852,0.049984,0.048026
03/03/2021,0.04996,N/A,0.050602,0.051118,0.049732
03/02/2021,0.050662,N/A,0.051975,0.050677,0.050011
03/01/2021,0.05187,N/A,0.048816,0.052423,0.050556
02/28/2021,0.048874,N/A,0.047539,0.049348,0.048062
02/27/2021,0.048,N/A,0.05147,0.050176,0.046661
02/26/2021,0.051447,N/A,0.050695,0.051993,0.050342
02/25/2021,0.050765,N/A,0.055316,0.051728,0.048969
02/24/2021,0.055596,N/A,0.050076,0.05803,0.054958
02/23/2021,0.050271,N/A,0.050988,0.050968,0.046065
02/22/2021,0.050763,N/A,0.057475,0.053774,0.050064
02/21/2021,0.057439,N/A,0.055929,0.058717,0.054799
02/20/2021,0.055645,N/A,0.054352,0.056693,0.05335
02/19/2021,0.054334,N/A,0.056837,0.055285,0.053021
02/18/2021,0.056919,N/A,0.053029,0.059628,0.055262
02/17/2021,0.052181,N/A,0.05196,0.053658,0.04897
02/16/2021,0.052272,N/A,0.058617,0.055054,0.051076
02/15/2021,0.058653,N/A,0.050648,0.05981,0.05457
02/14/2021,0.04987,N/A,0.063553,0.063627,0.047653
02/13/2021,0.063848,N/A,0.069627,0.066392,0.063759
02/12/2021,0.069476,N/A,0.065281,0.071703,0.069473
02/11/2021,0.06516,N/A,0.072468,0.069858,0.061285
02/10/2021,0.072506,N/A,0.070216,0.073289,0.071105
02/09/2021,0.069732,N/A,0.080988,0.072149,0.069013
02/08/2021,0.080717,N/A,0.070984,0.083567,0.077726
02/07/2021,0.071785,N/A,0.055918,0.077936,0.063839
02/06/2021,0.053464,N/A,0.050934,0.064907,0.053464
02/05/2021,0.047622,N/A,0.044989,0.049408,0.044505
02/04/2021,0.044867,N/A,0.041036,0.054033,0.043289
02/03/2021,0.039635,N/A,0.032839,0.039994,0.035919
02/02/2021,0.032616,N/A,0.03298,0.03389,0.031245
02/01/2021,0.033034,N/A,0.040015,0.035089,0.029054
01/31/2021,0.03985,N/A,0.02749,0.041473,0.034244
01/30/2021,0.027467,N/A,0.034672,0.031207,0.026909
01/29/2021,0.038298,N/A,0.033754,0.0875,0.014942
01/28/2021,0.010044,N/A,0.011763,0.01383,0.007351
01/27/2021,0.010736,N/A,0.008057,0.010838,0.00731
01/26/2021,0.008053,N/A,0.008329,0.008245,0.008045
01/25/2021,0.008294,N/A,0.008795,0.008455,0.008161
01/24/2021,0.008804,N/A,0.008668,0.008819,0.008656
01/23/2021,0.008659,N/A,0.00865,0.008678,0.008504
01/22/2021,0.00863,N/A,0.008253,0.008636,0.008359
01/21/2021,0.008243,N/A,0.0088,0.008408,0.007571
01/20/2021,0.008826,N/A,0.008998,0.009099,0.008803
01/19/2021,0.009012,N/A,0.009193,0.009141,0.008841
01/18/2021,0.009218,N/A,0.009001,0.009284,0.009067
01/17/2021,0.008963,N/A,0.009181,0.009163,0.008949
01/16/2021,0.009153,N/A,0.009339,0.009365,0.009089
01/15/2021,0.009342,N/A,0.009341,0.009493,0.009112
01/14/2021,0.009376,N/A,0.00838,0.009689,0.009232
01/13/2021,0.00838,N/A,0.007855,0.008804,0.008369
01/12/2021,0.00782,N/A,0.008686,0.008068,0.007779
01/11/2021,0.008618,N/A,0.008966,0.008866,0.0082
01/10/2021,0.008979,N/A,0.010208,0.009846,0.008562
01/09/2021,0.010242,N/A,0.010123,0.010443,0.010159
01/08/2021,0.010149,N/A,0.009507,0.010259,0.009707
01/07/2021,0.009484,N/A,0.010266,0.009836,0.008834
01/06/2021,0.01025,N/A,0.010643,0.010497,0.010126
01/05/2021,0.010318,N/A,0.009072,0.010318,0.009652
01/04/2021,0.009173,N/A,0.010684,0.010319,0.009111
01/03/2021,0.010801,N/A,0.01081,0.011493,0.009702
01/02/2021,0.010824,N/A,0.007663,0.011343,0.009393
01/01/2021,0.007195,N/A,0.00491,0.00775,0.005553
12/31/2020,0.004904,N/A,0.004617,0.004994,0.004606
12/30/2020,0.004615,N/A,0.004499,0.004747,0.004522
12/29/2020,0.004501,N/A,0.00444,0.004599,0.00446
12/28/2020,0.004437,N/A,0.004631,0.004622,0.004411
12/27/2020,0.004578,N/A,0.004594,0.004706,0.004513
12/26/2020,0.004594,N/A,0.004476,0.00471,0.004492
12/25/2020,0.004476,N/A,0.004492,0.004659,0.004455
12/24/2020,0.004484,N/A,0.003891,0.004593,0.004443
12/23/2020,0.003851,N/A,0.004531,0.003853,0.003673
12/22/2020,0.004565,N/A,0.00482,0.004766,0.004499
12/21/2020,0.004791,N/A,0.004863,0.004866,0.00462
12/20/2020,0.004871,N/A,0.003882,0.005463,0.004615
12/19/2020,0.003881,N/A,0.003884,0.003937,0.003815
12/18/2020,0.003898,N/A,0.003778,0.003973,0.003799
12/17/2020,0.003775,N/A,0.003419,0.003822,0.003606
12/16/2020,0.003429,N/A,0.003198,0.003463,0.003397
12/15/2020,0.003203,N/A,0.003247,0.003227,0.003174
12/14/2020,0.003216,N/A,0.003274,0.003262,0.003207
12/13/2020,0.003249,N/A,0.003155,0.003285,0.003233
12/12/2020,0.003154,N/A,0.003156,0.003177,0.003149
12/11/2020,0.003166,N/A,0.003075,0.003173,0.003072
12/10/2020,0.003068,N/A,0.00314,0.003114,0.003048
12/09/2020,0.003153,N/A,0.00309,0.003171,0.003122
12/08/2020,0.003098,N/A,0.003359,0.003178,0.003083
12/07/2020,0.003352,N/A,0.003371,0.003362,0.003307
12/06/2020,0.003364,N/A,0.003395,0.003397,0.003356
12/05/2020,0.003403,N/A,0.003322,0.00343,0.003372
12/04/2020,0.003333,N/A,0.003407,0.00334,0.003255
12/03/2020,0.003417,N/A,0.003385,0.003449,0.003366
12/02/2020,0.003388,N/A,0.003335,0.003426,0.003358
12/01/2020,0.003334,N/A,0.003455,0.003457,0.003274
11/30/2020,0.003462,N/A,0.003539,0.003577,0.003431
11/29/2020,0.003528,N/A,0.003382,0.003567,0.003436
11/28/2020,0.003383,N/A,0.00326,0.003413,0.003345
11/27/2020,0.003255,N/A,0.003278,0.003311,0.003236
11/26/2020,0.003292,N/A,0.003297,0.003359,0.003194
11/25/2020,0.003265,N/A,0.003933,0.003793,0.003213
11/24/2020,0.003941,N/A,0.00375,0.004287,0.003842
11/23/2020,0.003719,N/A,0.003324,0.003803,0.003566
11/22/2020,0.003318,N/A,0.003338,0.003382,0.003231
11/21/2020,0.00338,N/A,0.003188,0.003674,0.003291
11/20/2020,0.003196,N/A,0.002925,0.003266,0.002983
11/19/2020,0.002923,N/A,0.002913,0.002934,0.002904
11/18/2020,0.002915,N/A,0.002973,0.002945,0.002886
11/17/2020,0.002982,N/A,0.002926,0.003017,0.002919
11/16/2020,0.002921,N/A,0.002783,0.00294,0.002879
11/15/2020,0.002768,N/A,0.002766,0.00279,0.002745
11/14/2020,0.002764,N/A,0.002767,0.002789,0.002755
11/13/2020,0.002767,N/A,0.002789,0.002819,0.002747
11/12/2020,0.002794,N/A,0.002773,0.002817,0.002774
11/11/2020,0.002772,N/A,0.002806,0.002782,0.002725
11/10/2020,0.002809,N/A,0.002684,0.002863,0.002756
11/09/2020,0.002679,N/A,0.002718,0.002688,0.002651
11/08/2020,0.002717,N/A,0.002687,0.002732,0.002698
11/07/2020,0.002692,N/A,0.002813,0.002714,0.002645
11/06/2020,0.002797,N/A,0.002677,0.002828,0.002755
11/05/2020,0.002674,N/A,0.00257,0.0027,0.002625
11/04/2020,0.002574,N/A,0.002522,0.002587,0.002546
11/03/2020,0.002522,N/A,0.002489,0.002526,0.0025
11/02/2020,0.002486,N/A,0.002574,0.002525,0.002453
11/01/2020,0.002571,N/A,0.002566,0.002588,0.002568
10/31/2020,0.002569,N/A,0.00256,0.002578,0.002557
10/30/2020,0.002557,N/A,0.002561,0.002599,0.002552
10/29/2020,0.002566,N/A,0.002609,0.002598,0.002557
10/28/2020,0.00261,N/A,0.002676,0.00261,0.002578
10/27/2020,0.002679,N/A,0.002685,0.002696,0.002667
10/26/2020,0.002688,N/A,0.002869,0.002697,0.002655
10/25/2020,0.002876,N/A,0.002662,0.00288,0.002634
10/24/2020,0.002665,N/A,0.002627,0.002672,0.002629
10/23/2020,0.002629,N/A,0.002654,0.00265,0.002626
10/22/2020,0.002656,N/A,0.002648,0.002663,0.00264
10/21/2020,0.002642,N/A,0.002619,0.002678,0.002618
10/20/2020,0.002621,N/A,0.002592,0.002627,0.002593
10/19/2020,0.002595,N/A,0.002581,0.002597,0.002583
10/18/2020,0.002581,N/A,0.002588,0.002595,0.002581
10/17/2020,0.002586,N/A,0.00259,0.002596,0.002579
10/16/2020,0.002589,N/A,0.002602,0.002607,0.002577
10/15/2020,0.002602,N/A,0.002626,0.002612,0.002591
10/14/2020,0.002624,N/A,0.002635,0.002639,0.002622
10/13/2020,0.002638,N/A,0.002656,0.002653,0.002635
10/12/2020,0.002656,N/A,0.002683,0.002679,0.002651
10/11/2020,0.002676,N/A,0.002659,0.002683,0.002665
10/10/2020,0.002662,N/A,0.002693,0.002683,0.002652
10/09/2020,0.002688,N/A,0.002626,0.002719,0.002655
10/08/2020,0.002626,N/A,0.002589,0.002635,0.002594
10/07/2020,0.002586,N/A,0.00258,0.002602,0.002573
10/06/2020,0.002581,N/A,0.002622,0.002604,0.002559
10/05/2020,0.002624,N/A,0.002632,0.00263,0.002609
10/04/2020,0.002627,N/A,0.002599,0.002654,0.002627
10/03/2020,0.002597,N/A,0.002595,0.002616,0.002592
10/02/2020,0.002595,N/A,0.002618,0.002609,0.002575
10/01/2020,0.002609,N/A,0.002651,0.002633,0.002595
09/30/2020,0.00265,N/A,0.002654,0.002665,0.002634
09/29/2020,0.00266,N/A,0.002683,0.002682,0.002646
09/28/2020,0.002684,N/A,0.002728,0.002698,0.002636
09/27/2020,0.002712,N/A,0.002713,0.002737,0.002697
09/26/2020,0.002717,N/A,0.002718,0.002733,0.002695
09/25/2020,0.002707,N/A,0.002705,0.002734,0.002688
09/24/2020,0.002684,N/A,0.002588,0.002723,0.002616
09/23/2020,0.00259,N/A,0.00263,0.002598,0.002533
09/22/2020,0.002633,N/A,0.002606,0.002648,0.002623
09/21/2020,0.00261,N/A,0.002795,0.002639,0.002593
09/20/2020,0.002788,N/A,0.002789,0.002796,0.00277
09/19/2020,0.002789,N/A,0.002792,0.0028,0.002775
09/18/2020,0.002785,N/A,0.002807,0.002798,0.002775
09/17/2020,0.002805,N/A,0.002793,0.00281,0.002795
09/16/2020,0.002793,N/A,0.002817,0.002839,0.002785
09/15/2020,0.002818,N/A,0.002805,0.002834,0.002783
09/14/2020,0.002807,N/A,0.002766,0.002827,0.002778
09/13/2020,0.002765,N/A,0.002812,0.002797,0.00274
09/12/2020,0.002808,N/A,0.002781,0.002816,0.002781
09/11/2020,0.002779,N/A,0.002761,0.002797,0.002769
09/10/2020,0.00276,N/A,0.002792,0.002818,0.002743
09/09/2020,0.00279,N/A,0.002703,0.002839,0.002779
09/08/2020,0.002701,N/A,0.002773,0.002757,0.002694
09/07/2020,0.002773,N/A,0.002779,0.002836,0.002765
09/06/2020,0.002776,N/A,0.002735,0.002801,0.002764
09/05/2020,0.002735,N/A,0.002907,0.002781,0.002721
09/04/2020,0.002909,N/A,0.002795,0.002917,0.00287
09/03/2020,0.002803,N/A,0.003077,0.002815,0.002746
09/02/2020,0.003087,N/A,0.003216,0.003129,0.003073
09/01/2020,0.003216,N/A,0.003227,0.003276,0.003204
08/31/2020,0.00323,N/A,0.003283,0.003256,0.003172
08/30/2020,0.003285,N/A,0.00332,0.00331,0.003267
08/29/2020,0.00332,N/A,0.003268,0.003355,0.003267
08/28/2020,0.003271,N/A,0.003213,0.003272,0.003229
08/27/2020,0.003212,N/A,0.003298,0.003223,0.003166
08/26/2020,0.003301,N/A,0.003283,0.003329,0.003264
08/25/2020,0.003279,N/A,0.003401,0.003308,0.003233
08/24/2020,0.003402,N/A,0.003389,0.003421,0.003397
08/23/2020,0.003422,N/A,0.003406,0.003466,0.003376
08/22/2020,0.003397,N/A,0.003378,0.00344,0.003378
08/21/2020,0.003375,N/A,0.003464,0.003378,0.003324
08/20/2020,0.003469,N/A,0.003387,0.003471,0.003413
08/19/2020,0.0034,N/A,0.003471,0.003448,0.003395
08/18/2020,0.003483,N/A,0.003684,0.003536,0.003456
08/17/2020,0.003669,N/A,0.003505,0.00367,0.003586
08/16/2020,0.003506,N/A,0.003533,0.003538,0.003501
08/15/2020,0.003534,N/A,0.003512,0.003564,0.00351
08/14/2020,0.003515,N/A,0.003445,0.003618,0.003513
08/13/2020,0.003466,N/A,0.003484,0.003506,0.00344
08/12/2020,0.003493,N/A,0.003374,0.003512,0.003451
08/11/2020,0.003367,N/A,0.003549,0.003436,0.003336
08/10/2020,0.003541,N/A,0.003486,0.00357,0.003494
08/09/2020,0.003488,N/A,0.003481,0.003498,0.00345
08/08/2020,0.003482,N/A,0.003493,0.003535,0.003464
08/07/2020,0.003494,N/A,0.003599,0.003542,0.003485
08/06/2020,0.003604,N/A,0.003472,0.003615,0.003545
08/05/2020,0.00347,N/A,0.003573,0.003542,0.003451
08/04/2020,0.003575,N/A,0.003382,0.003582,0.003508
08/03/2020,0.003387,N/A,0.003389,0.003461,0.003362
08/02/2020,0.003402,N/A,0.003605,0.003406,0.00331
08/01/2020,0.003623,N/A,0.00326,0.003768,0.00354
07/31/2020,0.00327,N/A,0.003198,0.003272,0.003202
07/30/2020,0.003196,N/A,0.003164,0.003239,0.003175
07/29/2020,0.003162,N/A,0.003248,0.003187,0.003132
07/28/2020,0.003231,N/A,0.003171,0.003271,0.003178
07/27/2020,0.003156,N/A,0.003196,0.003193,0.003138
07/26/2020,0.003201,N/A,0.003243,0.00324,0.003148
07/25/2020,0.003244,N/A,0.003255,0.003271,0.003209
07/24/2020,0.003257,N/A,0.003215,0.003265,0.003197
07/23/2020,0.00321,N/A,0.003267,0.003308,0.003206
07/22/2020,0.003277,N/A,0.003231,0.003332,0.00326
07/21/2020,0.003236,N/A,0.003252,0.003305,0.003225
07/20/2020,0.003245,N/A,0.003351,0.003311,0.003198
07/19/2020,0.003372,N/A,0.003543,0.003437,0.003372
07/18/2020,0.003543,N/A,0.003406,0.003764,0.003444
07/17/2020,0.003399,N/A,0.003006,0.003654,0.003018
07/16/2020,0.003014,N/A,0.003063,0.0031,0.00298
07/15/2020,0.003068,N/A,0.00319,0.003097,0.003018
07/14/2020,0.003217,N/A,0.00313,0.003294,0.003187
07/13/2020,0.003134,N/A,0.003504,0.003173,0.00311
07/12/2020,0.003521,N/A,0.003802,0.003644,0.003439
07/11/2020,0.003811,N/A,0.003518,0.003846,0.003724
07/10/2020,0.003522,N/A,0.004077,0.003653,0.003493
07/09/2020,0.004073,N/A,0.00435,0.004332,0.00397
07/08/2020,0.004351,N/A,0.003891,0.005029,0.004077
07/07/2020,0.004031,N/A,0.002785,0.005425,0.003051
07/06/2020,0.002792,N/A,0.002298,0.002796,0.002601
07/05/2020,0.002297,N/A,0.002309,0.002309,0.002295
07/04/2020,0.002312,N/A,0.002316,0.002313,0.002305
07/03/2020,0.002316,N/A,0.002312,0.002325,0.002307
07/02/2020,0.002334,N/A,0.002307,0.00234,0.002319
07/01/2020,0.002325,N/A,0.002307,0.002332,0.00232
06/30/2020,0.002307,N/A,0.002303,0.002315,0.002305
06/29/2020,0.002302,N/A,0.002313,0.00231,0.002301
06/28/2020,0.002313,N/A,0.002352,0.002323,0.00231
06/27/2020,0.002353,N/A,0.002349,0.002362,0.002284
06/26/2020,0.002349,N/A,0.002395,0.00236,0.002348
06/25/2020,0.002411,N/A,0.002393,0.002419,0.002392
06/24/2020,0.002389,N/A,0.002483,0.002426,0.002387
06/23/2020,0.002478,N/A,0.002472,0.002485,0.002471
06/22/2020,0.002471,N/A,0.002465,0.002492,0.002465
06/21/2020,0.002464,N/A,0.002458,0.002481,0.002438
06/20/2020,0.002443,N/A,0.002457,0.002468,0.002434
06/19/2020,0.002446,N/A,0.002433,0.002462,0.002431
06/18/2020,0.00243,N/A,0.002485,0.002466,0.002424
06/17/2020,0.00248,N/A,0.002481,0.002485,0.002468
06/16/2020,0.002476,N/A,0.002502,0.002488,0.002468
06/15/2020,0.002503,N/A,0.002438,0.002505,0.00246
06/14/2020,0.002522,N/A,0.002516,0.002536,0.002497
06/13/2020,0.002522,N/A,0.002513,0.002536,0.002519
06/12/2020,0.002516,N/A,0.002487,0.002525,0.002506
06/11/2020,0.002486,N/A,0.002583,0.002493,0.002441
06/10/2020,0.002583,N/A,0.002563,0.002593,0.002577
06/09/2020,0.002565,N/A,0.002556,0.002574,0.002541
06/08/2020,0.002557,N/A,0.002587,0.002592,0.002528
06/07/2020,0.002587,N/A,0.00259,0.00261,0.002577
06/06/2020,0.00259,N/A,0.002588,0.002593,0.002574
06/05/2020,0.002585,N/A,0.002621,0.00259,0.002566
06/04/2020,0.002605,N/A,0.002573,0.00262,0.002551
06/03/2020,0.002586,N/A,0.002574,0.002599,0.002551
06/02/2020,0.002575,N/A,0.002633,0.002587,0.00255
06/01/2020,0.002635,N/A,0.002589,0.002652,0.002602
05/31/2020,0.002575,N/A,0.002563,0.002616,0.00255
05/30/2020,0.002592,N/A,0.002543,0.002616,0.002563
05/29/2020,0.002542,N/A,0.002534,0.002546,0.002527
05/28/2020,0.002532,N/A,0.002514,0.002544,0.002514
05/27/2020,0.002515,N/A,0.002501,0.002535,0.002496
05/26/2020,0.002503,N/A,0.002537,0.002518,0.002467
05/25/2020,0.002536,N/A,0.002516,0.002544,0.002479
05/24/2020,0.002514,N/A,0.002547,0.002521,0.002432
05/23/2020,0.002547,N/A,0.002541,0.002553,0.002537
05/22/2020,0.002541,N/A,0.002497,0.002548,0.002516
05/21/2020,0.0025,N/A,0.002508,0.002525,0.002436
05/20/2020,0.002508,N/A,0.002524,0.002526,0.002474
05/19/2020,0.002537,N/A,0.002495,0.002546,0.002537
05/18/2020,0.002506,N/A,0.002563,0.002537,0.002501
05/17/2020,0.002563,N/A,0.002523,0.002581,0.00253
05/16/2020,0.002522,N/A,0.002505,0.002529,0.002512
05/15/2020,0.002505,N/A,0.002535,0.002526,0.002479
05/14/2020,0.002532,N/A,0.002521,0.002578,0.002504
05/13/2020,0.002519,N/A,0.00249,0.002534,0.002507
05/12/2020,0.002491,N/A,0.002444,0.002502,0.002461
05/11/2020,0.002445,N/A,0.002444,0.002448,0.002401
05/10/2020,0.002427,N/A,0.002605,0.002604,0.002277
05/09/2020,0.00243,N/A,0.002621,0.002604,0.002277
05/08/2020,0.002616,N/A,0.002635,0.002627,0.002581
05/07/2020,0.002629,N/A,0.002519,0.002671,0.002621
05/06/2020,0.002519,N/A,0.002476,0.002547,0.002453
05/05/2020,0.002478,N/A,0.002462,0.002514,0.002446
05/04/2020,0.002462,N/A,0.002454,0.002542,0.002455
05/03/2020,0.002454,N/A,0.002558,0.002512,0.00243
05/02/2020,0.00256,N/A,0.002471,0.002592,0.002533
05/01/2020,0.002472,N/A,0.002463,0.002512,0.00245
04/30/2020,0.002452,N/A,0.002596,0.002481,0.002424
04/29/2020,0.002595,N/A,0.002338,0.002595,0.002488
04/28/2020,0.002334,N/A,0.002349,0.002349,0.002299
04/27/2020,0.002337,N/A,0.002374,0.002393,0.002297
04/26/2020,0.002374,N/A,0.002148,0.00241,0.002372
04/25/2020,0.002146,N/A,0.002083,0.002189,0.002101
04/24/2020,0.002075,N/A,0.002076,0.002119,0.002064
04/23/2020,0.002058,N/A,0.002002,0.002076,0.002049
04/22/2020,0.002,N/A,0.00197,0.002016,0.001994
04/21/2020,0.001963,N/A,0.001974,0.001973,0.001942
04/20/2020,0.001982,N/A,0.002038,0.002068,0.001954
04/19/2020,0.00204,N/A,0.002045,0.002049,0.002029
04/18/2020,0.002038,N/A,0.002007,0.00208,0.00203
04/17/2020,0.002002,N/A,0.001992,0.002015,0.001982
04/16/2020,0.001983,N/A,0.001904,0.002021,0.001975
04/15/2020,0.001915,N/A,0.001966,0.001987,0.001877
04/14/2020,0.001961,N/A,0.001954,0.001993,0.001952
04/13/2020,0.001958,N/A,0.001932,0.00197,0.001944
04/12/2020,0.001907,N/A,0.001954,0.002019,0.001865
04/11/2020,0.00195,N/A,0.001969,0.002033,0.00194
04/10/2020,0.001969,N/A,0.002008,0.002031,0.00196
04/09/2020,0.002001,N/A,0.002004,0.002039,0.001987
04/08/2020,0.002004,N/A,0.001998,0.002016,0.002003
04/07/2020,0.002036,N/A,0.001974,0.002046,0.001953
04/06/2020,0.001973,N/A,0.001857,0.002019,0.001962
04/05/2020,0.001879,N/A,0.001871,0.001928,0.001849
04/04/2020,0.001859,N/A,0.001851,0.001901,0.001856
04/03/2020,0.001855,N/A,0.001863,0.001871,0.001837
04/02/2020,0.001873,N/A,0.001863,0.001894,0.001856
04/01/2020,0.001849,N/A,0.001806,0.001884,0.001843
03/31/2020,0.001814,N/A,0.001823,0.00184,0.001787
03/30/2020,0.001816,N/A,0.001724,0.00189,0.001784
03/29/2020,0.001722,N/A,0.001784,0.001794,0.001713
03/28/2020,0.001786,N/A,0.001752,0.001787,0.001772
03/27/2020,0.001712,N/A,0.001856,0.001864,0.001696
03/26/2020,0.001858,N/A,0.001823,0.001875,0.001825
03/25/2020,0.001824,N/A,0.001815,0.001845,0.001815
03/24/2020,0.001815,N/A,0.001846,0.001847,0.001809
03/23/2020,0.001847,N/A,0.001723,0.001864,0.001814
03/22/2020,0.001748,N/A,0.001886,0.001782,0.001716
03/21/2020,0.001849,N/A,0.001791,0.00191,0.001765
03/20/2020,0.001794,N/A,0.001757,0.001906,0.001742
03/19/2020,0.001758,N/A,0.001593,0.001848,0.001689
03/18/2020,0.001593,N/A,0.0017,0.001685,0.001573
03/17/2020,0.0017,N/A,0.001693,0.001715,0.00169
03/16/2020,0.001693,N/A,0.001654,0.001713,0.001611
03/15/2020,0.001649,N/A,0.001662,0.00172,0.001641
03/14/2020,0.001677,N/A,0.001762,0.001705,0.001644
03/13/2020,0.001767,N/A,0.001544,0.001785,0.001702
03/12/2020,0.00154,N/A,0.002105,0.001709,0.001291
03/11/2020,0.002105,N/A,0.002199,0.002179,0.002098
03/10/2020,0.002199,N/A,0.002186,0.002221,0.002189
03/09/2020,0.002202,N/A,0.002178,0.002231,0.002199
03/08/2020,0.002171,N/A,0.002372,0.002211,0.002161
03/07/2020,0.00236,N/A,0.002463,0.002408,0.002353
03/06/2020,0.002459,N/A,0.002463,0.002497,0.002456
03/05/2020,0.002471,N/A,0.00246,0.002488,0.002457
03/04/2020,0.002428,N/A,0.00244,0.002504,0.00241
03/03/2020,0.00245,N/A,0.002333,0.002503,0.002428
03/02/2020,0.002328,N/A,0.002265,0.002358,0.002317
03/01/2020,0.002266,N/A,0.002249,0.002284,0.002251
02/29/2020,0.002248,N/A,0.002286,0.002286,0.002204
02/28/2020,0.002313,N/A,0.002349,0.002319,0.002283
02/27/2020,0.002348,N/A,0.002327,0.002373,0.002328
02/26/2020,0.002326,N/A,0.002401,0.002346,0.002298
02/25/2020,0.002392,N/A,0.00257,0.002487,0.002379
02/24/2020,0.002564,N/A,0.002607,0.002591,0.00255
02/23/2020,0.002606,N/A,0.002654,0.002685,0.002597
02/22/2020,0.002665,N/A,0.002638,0.002667,0.002588
02/21/2020,0.00264,N/A,0.002649,0.002656,0.002628
02/20/2020,0.002645,N/A,0.00263,0.002679,0.002624
02/19/2020,0.002615,N/A,0.002815,0.002662,0.002603
02/18/2020,0.002825,N/A,0.002723,0.002861,0.002811
02/17/2020,0.002604,N/A,0.002872,0.002756,0.002583
02/16/2020,0.002636,N/A,0.0029,0.002756,0.002622
02/15/2020,0.002902,N/A,0.003095,0.002954,0.002878
02/14/2020,0.003097,N/A,0.00305,0.003174,0.003086
02/13/2020,0.003058,N/A,0.003158,0.003061,0.00298
02/12/2020,0.003143,N/A,0.003158,0.003171,0.003053
02/11/2020,0.003151,N/A,0.002932,0.003168,0.003041
02/10/2020,0.002907,N/A,0.003148,0.00299,0.002907
02/09/2020,0.003094,N/A,0.003527,0.003304,0.003094
02/08/2020,0.003465,N/A,0.002802,0.003539,0.003159
02/07/2020,0.002793,N/A,0.002653,0.002824,0.002726
02/06/2020,0.002676,N/A,0.002617,0.00269,0.002655
02/05/2020,0.002618,N/A,0.002578,0.002619,0.002576
02/04/2020,0.00257,N/A,0.002463,0.002592,0.00249
02/03/2020,0.002463,N/A,0.002456,0.002469,0.002415
02/02/2020,0.002478,N/A,0.002419,0.00249,0.002412
02/01/2020,0.002419,N/A,0.002401,0.002434,0.002371
01/31/2020,0.002403,N/A,0.002428,0.002415,0.002377
01/30/2020,0.002427,N/A,0.002458,0.00251,0.00242
01/29/2020,0.002433,N/A,0.002425,0.002464,0.002392
01/28/2020,0.002484,N/A,0.002388,0.00249,0.002404
01/27/2020,0.002389,N/A,0.002299,0.00241,0.002354
01/26/2020,0.002298,N/A,0.00225,0.002304,0.002284
01/25/2020,0.00225,N/A,0.002252,0.002251,0.002244
01/24/2020,0.002254,N/A,0.002269,0.002283,0.002252
01/23/2020,0.002269,N/A,0.002375,0.002453,0.002258
01/22/2020,0.002378,N/A,0.002388,0.002487,0.002345
01/21/2020,0.002388,N/A,0.002467,0.002481,0.002357
01/20/2020,0.002468,N/A,0.002419,0.002478,0.00246
01/19/2020,0.002419,N/A,0.002516,0.002429,0.002413
01/18/2020,0.002472,N/A,0.002481,0.002524,0.002448
01/17/2020,0.002484,N/A,0.00235,0.002502,0.002476
01/16/2020,0.00235,N/A,0.002304,0.002355,0.002309
01/15/2020,0.002315,N/A,0.002359,0.184558,0.00229
01/14/2020,0.002358,N/A,0.002229,0.002399,0.002328
01/13/2020,0.002225,N/A,0.002202,0.002235,0.002155
01/12/2020,0.002209,N/A,0.002211,0.002224,0.002184
01/11/2020,0.002211,N/A,0.002224,0.002212,0.002147
01/10/2020,0.002199,N/A,0.002118,0.00224,0.002181
01/09/2020,0.002136,N/A,0.002136,0.002159,0.002112
01/08/2020,0.002135,N/A,0.002204,0.002142,0.00213
01/07/2020,0.002178,N/A,0.002179,0.002212,0.002176
01/06/2020,0.002201,N/A,0.002101,0.002213,0.00215
01/05/2020,0.002096,N/A,0.002305,0.00215,0.002078
01/04/2020,0.002309,N/A,0.002294,0.002319,0.002301
01/03/2020,0.002292,N/A,0.002008,0.002315,0.002041
01/02/2020,0.002007,N/A,0.002038,0.002012,0.001989
01/01/2020,0.002037,N/A,0.002016,0.002051,0.00201
12/31/2019,0.002016,N/A,0.00202,0.00205,0.002014
12/30/2019,0.002033,N/A,0.002115,0.002038,0.002004
12/29/2019,0.00211,N/A,0.002161,0.002161,0.002099
12/28/2019,0.002157,N/A,0.002118,0.002163,0.00211
12/27/2019,0.002101,N/A,0.002203,0.00221,0.002067
12/26/2019,0.002159,N/A,0.002208,0.00221,0.002157
12/25/2019,0.002197,N/A,0.002144,0.002209,0.002196
12/24/2019,0.002142,N/A,0.002199,0.002247,0.002116
12/23/2019,0.002201,N/A,0.002136,0.002204,0.002114
12/22/2019,0.002135,N/A,0.002117,0.002178,0.002121
12/21/2019,0.002117,N/A,0.002066,0.002118,0.002102
12/20/2019,0.002088,N/A,0.002311,0.002138,0.002066
12/19/2019,0.002316,N/A,0.002239,0.002321,0.00219
12/18/2019,0.002236,N/A,0.002196,0.002253,0.002196
12/17/2019,0.00219,N/A,0.002246,0.00221,0.002186
12/16/2019,0.002253,N/A,0.002271,0.002259,0.002243
12/15/2019,0.002275,N/A,0.002286,0.002282,0.002266
12/14/2019,0.002286,N/A,0.002318,0.002299,0.002282
12/13/2019,0.002319,N/A,0.002312,0.002323,0.002298
12/12/2019,0.002314,N/A,0.00231,0.002316,0.002295
12/11/2019,0.002312,N/A,0.002297,0.002324,0.002288
12/10/2019,0.002291,N/A,0.002299,0.002313,0.002287
12/09/2019,0.002307,N/A,0.002297,0.002309,0.002261
12/08/2019,0.002293,N/A,0.002236,0.002299,0.002275
12/07/2019,0.002244,N/A,0.00233,0.002312,0.002228
12/06/2019,0.002332,N/A,0.002339,0.002342,0.002324
12/05/2019,0.002351,N/A,0.0023,0.002355,0.002309
12/04/2019,0.002302,N/A,0.002287,0.002304,0.002216
12/03/2019,0.002287,N/A,0.002299,0.002298,0.00223
12/02/2019,0.002224,N/A,0.002354,0.002332,0.002224
12/01/2019,0.002366,N/A,0.002781,0.002366,0.002342
11/30/2019,0.002787,N/A,0.002893,0.002824,0.00237
11/29/2019,0.002895,N/A,0.002423,0.002925,0.002872
11/28/2019,0.00243,N/A,0.002372,0.002438,0.002417
11/27/2019,0.002376,N/A,0.002325,0.002413,0.002364
11/26/2019,0.002325,N/A,0.002485,0.002343,0.002312
11/25/2019,0.002489,N/A,0.002306,0.002528,0.002454
11/24/2019,0.002279,N/A,0.002959,0.002928,0.002268
11/23/2019,0.002373,N/A,0.002417,0.003032,0.002373
11/22/2019,0.002417,N/A,0.002513,0.002441,0.002414
11/21/2019,0.002511,N/A,0.002653,0.00253,0.002484
11/20/2019,0.002652,N/A,0.002618,0.002664,0.002652
11/19/2019,0.0026,N/A,0.002616,0.002649,0.002574
11/18/2019,0.002625,N/A,0.002734,0.002641,0.002622
11/17/2019,0.002733,N/A,0.002676,0.002752,0.002717
11/16/2019,0.002682,N/A,0.002713,0.002688,0.002674
11/15/2019,0.002678,N/A,0.002737,0.002726,0.002678
11/14/2019,0.002729,N/A,0.002764,0.002744,0.002696
11/13/2019,0.002772,N/A,0.002757,0.002783,0.002741
11/12/2019,0.002759,N/A,0.002782,0.002785,0.002748
11/11/2019,0.002782,N/A,0.002819,0.002789,0.00277
11/10/2019,0.002808,N/A,0.002747,0.002829,0.002807
11/09/2019,0.002747,N/A,0.002798,0.002771,0.002735
11/08/2019,0.00281,N/A,0.002776,0.002847,0.002793
11/07/2019,0.002772,N/A,0.002733,0.002852,0.002736
11/06/2019,0.002727,N/A,0.002692,0.002775,0.002726
11/05/2019,0.002693,N/A,0.002671,0.00275,0.002627
11/04/2019,0.00267,N/A,0.002849,0.002699,0.002649
11/03/2019,0.002855,N/A,0.002779,0.002895,0.002844
11/02/2019,0.002776,N/A,0.002642,0.002785,0.002676
11/01/2019,0.00265,N/A,0.002622,0.002663,0.002642
10/31/2019,0.002622,N/A,0.002653,0.002644,0.002615
10/30/2019,0.002637,N/A,0.002761,0.002659,0.002621
10/29/2019,0.002761,N/A,0.002792,0.002798,0.002661
10/28/2019,0.002789,N/A,0.00269,0.002791,0.002687
10/27/2019,0.002698,N/A,0.002676,0.00271,0.002663
10/26/2019,0.002668,N/A,0.002838,0.002683,0.002662
10/25/2019,0.002805,N/A,0.002587,0.00289,0.002694
10/24/2019,0.002589,N/A,0.002551,0.00261,0.002586
10/23/2019,0.002549,N/A,0.002642,0.002577,0.002532
10/22/2019,0.00264,N/A,0.002722,0.002645,0.002571
10/21/2019,0.002719,N/A,0.0028,0.00272,0.002701
10/20/2019,0.002797,N/A,0.002802,0.0028,0.002795
10/19/2019,0.002799,N/A,0.002748,0.002809,0.002787
10/18/2019,0.002745,N/A,0.002857,0.002761,0.002735
10/17/2019,0.002857,N/A,0.002581,0.00286,0.002748
10/16/2019,0.002587,N/A,0.002552,0.002591,0.002574
10/15/2019,0.002557,N/A,0.002563,0.002561,0.002544
10/14/2019,0.002562,N/A,0.002459,0.002569,0.00256
10/13/2019,0.00246,N/A,0.002386,0.002473,0.002451
10/12/2019,0.002387,N/A,0.00237,0.002388,0.002381
10/11/2019,0.002369,N/A,0.002393,0.002371,0.002366
10/10/2019,0.002391,N/A,0.002442,0.002394,0.002378
10/09/2019,0.002439,N/A,0.002432,0.002446,0.002437
10/08/2019,0.002433,N/A,0.00253,0.002433,0.002429
10/07/2019,0.00253,N/A,0.002503,0.002533,0.002524
10/06/2019,0.002506,N/A,0.002583,0.002514,0.002379
10/05/2019,0.002412,N/A,0.00257,0.002414,0.002395
10/04/2019,0.002567,N/A,0.002378,0.00257,0.002558
10/03/2019,0.002379,N/A,0.002417,0.002389,0.002339
10/02/2019,0.002417,N/A,0.002452,0.002423,0.002398
10/01/2019,0.002442,N/A,0.002456,0.002458,0.002436
09/30/2019,0.002457,N/A,0.00227,0.002457,0.002417
09/29/2019,0.002289,N/A,0.002305,0.002359,0.002266
09/28/2019,0.002325,N/A,0.002332,0.002335,0.002295
09/27/2019,0.002322,N/A,0.002207,0.002352,0.002318
09/26/2019,0.002161,N/A,0.002274,0.002236,0.002156
09/25/2019,0.002256,N/A,0.002266,0.002303,0.002236
09/24/2019,0.002256,N/A,0.002592,0.002289,0.002208
09/23/2019,0.002585,N/A,0.002639,0.002601,0.002576
09/22/2019,0.002639,N/A,0.00265,0.002659,0.002632
09/21/2019,0.002651,N/A,0.002719,0.002683,0.002645
09/20/2019,0.002717,N/A,0.002719,0.002728,0.002706
09/19/2019,0.002715,N/A,0.002742,0.002742,0.002708
09/18/2019,0.002708,N/A,0.00262,0.002751,0.002705
09/17/2019,0.002607,N/A,0.002506,0.00262,0.002596
09/16/2019,0.002498,N/A,0.002534,0.002514,0.002498
09/15/2019,0.002542,N/A,0.002485,0.002542,0.002516
09/14/2019,0.002482,N/A,0.002462,0.00249,0.002408
09/13/2019,0.00246,N/A,0.002463,0.002486,0.00246
09/12/2019,0.002465,N/A,0.002479,0.00249,0.002457
09/11/2019,0.002456,N/A,0.002474,0.002489,0.002456
09/10/2019,0.002469,N/A,0.002492,0.002487,0.002468
09/09/2019,0.002504,N/A,0.002523,0.002581,0.002491
09/08/2019,0.002538,N/A,0.002541,0.002581,0.002534
09/07/2019,0.002589,N/A,0.002575,0.00259,0.002533
09/06/2019,0.002579,N/A,0.002514,0.002579,0.002565
09/05/2019,0.002518,N/A,0.002882,0.002522,0.002508
09/04/2019,0.002882,N/A,0.002601,0.002904,0.002877
08/16/2019,0.002701,N/A,0.002621,0.00273,0.002605
08/15/2019,0.002666,N/A,0.002752,0.002675,0.002658
08/14/2019,0.002759,N/A,0.00286,0.002811,0.002755
08/13/2019,0.002863,N/A,0.002898,0.00287,0.002852
08/11/2019,0.002919,N/A,0.002799,0.002934,0.002804
08/10/2019,0.002837,N/A,0.002919,0.002904,0.002804
08/06/2019,0.003002,N/A,0.003045,0.003087,0.002993
08/05/2019,0.003025,N/A,0.002997,0.003049,0.003013
08/04/2019,0.003,N/A,0.002919,0.003004,0.002935
08/03/2019,0.002918,N/A,0.002926,0.002927,0.002909
08/02/2019,0.00294,N/A,0.00293,0.002943,0.002904
08/01/2019,0.002929,N/A,0.002887,0.002938,0.002923
07/31/2019,0.002868,N/A,0.002808,0.002905,0.002854
07/30/2019,0.002853,N/A,0.002826,0.002928,0.00277
07/29/2019,0.002837,N/A,0.002873,0.002845,0.002828
07/28/2019,0.002873,N/A,0.002865,0.00289,0.002835
07/27/2019,0.002862,N/A,0.002998,0.002868,0.002854
07/26/2019,0.002986,N/A,0.002925,0.003001,0.002949
07/25/2019,0.002925,N/A,0.002977,0.002957,0.00292
07/24/2019,0.002978,N/A,0.002871,0.002991,0.002893
07/23/2019,0.002865,N/A,0.003009,0.002921,0.002859
07/22/2019,0.003011,N/A,0.003093,0.003017,0.002995
07/21/2019,0.003096,N/A,0.003131,0.003099,0.003078
07/20/2019,0.00312,N/A,0.003048,0.003159,0.003105
07/19/2019,0.003043,N/A,0.003097,0.003087,0.003004
07/18/2019,0.003099,N/A,0.002926,0.003129,0.003095
07/17/2019,0.00291,N/A,0.002812,0.00293,0.002874
07/16/2019,0.002755,N/A,0.003104,0.002882,0.002745
07/15/2019,0.003089,N/A,0.002893,0.00313,0.003082
07/14/2019,0.002871,N/A,0.003273,0.00297,0.002862
07/13/2019,0.003274,N/A,0.003296,0.003295,0.003253
07/12/2019,0.003291,N/A,0.003258,0.003374,0.00327
07/11/2019,0.003235,N/A,0.00332,0.00329,0.003225
07/10/2019,0.003315,N/A,0.003526,0.003408,0.003309
07/09/2019,0.003524,N/A,0.003481,0.003529,0.003488
07/08/2019,0.003493,N/A,0.003576,0.003514,0.003458
07/07/2019,0.003574,N/A,0.0035,0.00359,0.003563
07/06/2019,0.003517,N/A,0.003741,0.003526,0.003465
07/05/2019,0.003776,N/A,0.00319,0.003932,0.00373
07/04/2019,0.003192,N/A,0.00333,0.003202,0.003165
07/03/2019,0.00334,N/A,0.003222,0.003352,0.003326
07/02/2019,0.003215,N/A,0.003253,0.003237,0.003163
07/01/2019,0.003253,N/A,0.003318,0.003293,0.003241
06/30/2019,0.003317,N/A,0.003363,0.003335,0.003259
06/29/2019,0.003379,N/A,0.003348,0.003401,0.003358
06/28/2019,0.003297,N/A,0.003403,0.003419,0.003285
06/27/2019,0.003441,N/A,0.003295,0.003524,0.003358
06/26/2019,0.003275,N/A,0.003295,0.003427,0.003272
06/25/2019,0.003288,N/A,0.003363,0.003349,0.003273
06/24/2019,0.003361,N/A,0.00327,0.00337,0.003343
06/23/2019,0.003282,N/A,0.003335,0.003315,0.003282
06/22/2019,0.003342,N/A,0.003276,0.003344,0.003303
06/21/2019,0.003293,N/A,0.003154,0.003293,0.003088
06/20/2019,0.003139,N/A,0.00314,0.003154,0.003097
06/19/2019,0.003138,N/A,0.003097,0.003143,0.003138
06/18/2019,0.003094,N/A,0.003185,0.003113,0.003093
06/17/2019,0.003192,N/A,0.003215,0.003195,0.003183
06/16/2019,0.003221,N/A,0.003149,0.003226,0.003175
06/15/2019,0.003152,N/A,0.003103,0.003155,0.003122
06/14/2019,0.003107,N/A,0.003059,0.003109,0.003093
06/13/2019,0.00306,N/A,0.003079,0.003085,0.003052
06/12/2019,0.003057,N/A,0.003051,0.003087,0.00305
06/11/2019,0.003048,N/A,0.003071,0.003059,0.003036
06/10/2019,0.003073,N/A,0.002973,0.003081,0.003067
06/09/2019,0.002974,N/A,0.003077,0.002989,0.002965
06/08/2019,0.003091,N/A,0.003148,0.003108,0.003089
06/07/2019,0.00314,N/A,0.003083,0.003153,0.003139
06/06/2019,0.003078,N/A,0.003029,0.003093,0.003075
06/05/2019,0.003029,N/A,0.00304,0.003034,0.003012
06/04/2019,0.00304,N/A,0.003084,0.003067,0.002962
06/03/2019,0.003094,N/A,0.00336,0.003187,0.003079
06/02/2019,0.003356,N/A,0.003362,0.003376,0.00335
06/01/2019,0.003363,N/A,0.003401,0.003384,0.003351
05/31/2019,0.00339,N/A,0.003246,0.003404,0.003331
05/30/2019,0.003211,N/A,0.003174,0.003248,0.003174
05/29/2019,0.003144,N/A,0.003117,0.003183,0.003129
05/28/2019,0.003103,N/A,0.003137,0.003145,0.0031
05/27/2019,0.003108,N/A,0.00307,0.003145,0.003085
05/26/2019,0.003056,N/A,0.002967,0.003081,0.00304
05/25/2019,0.002968,N/A,0.002987,0.002979,0.002968
05/24/2019,0.002991,N/A,0.002935,0.002994,0.002976
05/23/2019,0.002939,N/A,0.002894,0.002956,0.002933
05/22/2019,0.002889,N/A,0.003024,0.002937,0.002853
05/21/2019,0.003031,N/A,0.00297,0.003056,0.003022
05/20/2019,0.002977,N/A,0.003006,0.002997,0.002974
05/19/2019,0.003,N/A,0.003058,0.003134,0.003
05/18/2019,0.003055,N/A,0.002904,0.003077,0.002956
05/17/2019,0.002903,N/A,0.003024,0.002932,0.002878
05/16/2019,0.003016,N/A,0.003546,0.003151,0.003013
05/15/2019,0.003461,N/A,0.003084,0.003469,0.003316
05/14/2019,0.003069,N/A,0.002788,0.003124,0.003038
05/13/2019,0.002786,N/A,0.002676,0.002788,0.002726
05/12/2019,0.002671,N/A,0.002745,0.002686,0.002608
05/11/2019,0.002584,N/A,0.002504,0.00261,0.002494
05/10/2019,0.002505,N/A,0.002478,0.002521,0.002494
05/09/2019,0.002471,N/A,0.002543,0.002501,0.002466
05/08/2019,0.002544,N/A,0.002544,0.002555,0.002537
05/07/2019,0.002542,N/A,0.002624,0.002561,0.002524
05/06/2019,0.002619,N/A,0.002615,0.002633,0.002595
05/05/2019,0.00261,N/A,0.0026,0.002663,0.00261
05/04/2019,0.002667,N/A,0.002448,0.002736,0.002497
05/03/2019,0.002767,N/A,0.002448,0.002767,0.002497
03/18/2019,0.002069,N/A,0.002046,0.002081,0.002037
03/17/2019,0.002038,N/A,0.002058,0.002057,0.002026
03/16/2019,0.002049,N/A,0.002045,0.002079,0.002027
03/15/2019,0.002041,N/A,0.002019,0.002047,0.002011
03/14/2019,0.002014,N/A,0.002026,0.002029,0.00199
03/13/2019,0.002026,N/A,0.002015,0.002073,0.001992
03/12/2019,0.001995,N/A,0.001929,0.002029,0.0019
03/11/2019,0.00194,N/A,0.001962,0.001967,0.00192
03/10/2019,0.001961,N/A,0.001945,0.001978,0.001955
03/09/2019,0.001978,N/A,0.001949,0.001987,0.001939
03/08/2019,0.001949,N/A,0.001951,0.00197,0.001929
